{
    "paper_id": "2e41aee6651cf4cab4edf5aa67cc401c2bef9d67",
    "metadata": {
        "title": "Sex differences in clinical findings among patients with coronavirus disease 2019 (COVID-19) and severe condition",
        "authors": [
            {
                "first": "Jing",
                "middle": [],
                "last": "Li",
                "suffix": "",
                "affiliation": {
                    "laboratory": "",
                    "institution": "Xuanwu Hospital Capital Medical University",
                    "location": {
                        "postCode": "100053",
                        "settlement": "Beijing",
                        "country": "China"
                    }
                },
                "email": ""
            },
            {
                "first": "Yinghua",
                "middle": [],
                "last": "Zhang",
                "suffix": "",
                "affiliation": {
                    "laboratory": "",
                    "institution": "Xuanwu Hospital Capital Medical University",
                    "location": {
                        "postCode": "100053",
                        "settlement": "Beijing",
                        "country": "China"
                    }
                },
                "email": ""
            },
            {
                "first": "Fang",
                "middle": [],
                "last": "Wang",
                "suffix": "",
                "affiliation": {
                    "laboratory": "",
                    "institution": "Beijing Hospital",
                    "location": {
                        "postCode": "100730",
                        "settlement": "Beijing",
                        "country": "China"
                    }
                },
                "email": ""
            },
            {
                "first": "Bing",
                "middle": [],
                "last": "Liu",
                "suffix": "",
                "affiliation": {
                    "laboratory": "",
                    "institution": "Beijing Hospital",
                    "location": {
                        "postCode": "100730",
                        "settlement": "Beijing",
                        "country": "China"
                    }
                },
                "email": ""
            },
            {
                "first": "Hui",
                "middle": [],
                "last": "Li",
                "suffix": "",
                "affiliation": {},
                "email": ""
            },
            {
                "first": "Guodong",
                "middle": [],
                "last": "Tang",
                "suffix": "",
                "affiliation": {
                    "laboratory": "",
                    "institution": "Beijing Hospital",
                    "location": {
                        "postCode": "100730",
                        "settlement": "Beijing",
                        "country": "China"
                    }
                },
                "email": ""
            },
            {
                "first": "Zhigang",
                "middle": [],
                "last": "Chang",
                "suffix": "",
                "affiliation": {
                    "laboratory": "",
                    "institution": "Beijing Hospital",
                    "location": {
                        "postCode": "100730",
                        "settlement": "Beijing",
                        "country": "China"
                    }
                },
                "email": ""
            },
            {
                "first": "Aihua",
                "middle": [],
                "last": "Liu",
                "suffix": "",
                "affiliation": {
                    "laboratory": "",
                    "institution": "Beijing Hospital",
                    "location": {
                        "postCode": "100730",
                        "settlement": "Beijing",
                        "country": "China"
                    }
                },
                "email": ""
            },
            {
                "first": "Chunyi",
                "middle": [],
                "last": "Fu",
                "suffix": "",
                "affiliation": {
                    "laboratory": "",
                    "institution": "Beijing Hospital",
                    "location": {
                        "postCode": "100730",
                        "settlement": "Beijing",
                        "country": "China"
                    }
                },
                "email": ""
            },
            {
                "first": "Jing",
                "middle": [],
                "last": "Gao",
                "suffix": "",
                "affiliation": {},
                "email": ""
            }
        ]
    },
    "abstract": [
        {
            "text": "To compare the sex differences in the clinical findings among patients with severe coronavirus disease 2019 .",
            "cite_spans": [],
            "ref_spans": [],
            "section": "Abstract"
        },
        {
            "text": "We retrospectively collected data of 47 patients diagnosed as severe type of COVID-19 from February 8 to 22, 2020, including demographics, illness history, physical examination, laboratory test, management, and compared differences between men and women.",
            "cite_spans": [],
            "ref_spans": [],
            "section": "Abstract"
        },
        {
            "text": ": Of the 47 patients, 28 (59.6%) were men. The median age was 62 years, and 30 (63.8%) had comorbidities. The initial symptoms were mainly fever (34 [72.3%]), cough (36 [76.6%]), myalgia (5 [10.6%]) and fatigue (7 [14.9%]). Procalcitonin level was higher in men than in women (0.08 vs.",
            "cite_spans": [],
            "ref_spans": [],
            "section": "Abstract"
        },
        {
            "text": "0.04ng/ml, p=0.002). N-terminal-pro brain natriuretic peptide increased in 16 (57.1%) men and 5 (26.3%) women (p=0.037). Five men (17.9%) had detected positive influenza A antibody, but no women. During 2-week admission, 5 (17.9%) men and 1 (5.3%) woman were reclassified into the critical type due to deterioration. Mortality was 3.6% in men and 0 in women respectively. Four (21.1%) women and one man (3.6%) recovered and discharged from hospital.",
            "cite_spans": [],
            "ref_spans": [],
            "section": "Abstract"
        },
        {
            "text": "Conclusion: Sex differences may exist in COVID-19 patients of severe type.",
            "cite_spans": [],
            "ref_spans": [],
            "section": "Abstract"
        },
        {
            "text": "Men are likely to have more complicated clinical condition and worse in-hospital outcomes as compared to women. : medRxiv preprint 0.508 Neutrophil count, \u00d710 9 /L 3.1 (2.1-5.2) 4.1 (2.0-6.9) 2.9 (2.5-3.4) 0.353",
            "cite_spans": [],
            "ref_spans": [],
            "section": "Abstract"
        },
        {
            "text": "Lymphocyte count, \u00d710 9 /L 1.3 (0.7-1.9) 1.2 (0.7-2.0) 1.3 (0.9-1.6) 0",
            "cite_spans": [],
            "ref_spans": [],
            "section": "Abstract"
        },
        {
            "text": "869 \u22651.0, No. (%) 30 (63.8) 15 (53.6) 15 (78.9) 0.076 Platelet count, \u00d710 9 /L 230.0 (157.0-302.5) 218.0 (151.3-320.8) 230.0 (164.0-304.0) 0.696 \uff1e300.0, No. (%) 14 (29.8) 8 (28.6) 6 (31.6) 0.825 Procalcitonin, ng/ml 0.06 (0.03-0.10) 0.08 (0.05-0.19) 0.04 (0.03-0.07) 0.002 increased (\uff1e0.05), No. (%) 25 (53.2) 19 (67.9) 6 (31.6) 0.014 All rights reserved. No reuse allowed without permission.",
            "cite_spans": [],
            "ref_spans": [],
            "section": "Abstract"
        },
        {
            "text": "the author/funder, who has granted medRxiv a license to display the preprint in perpetuity.",
            "cite_spans": [],
            "ref_spans": [],
            "section": "Abstract"
        }
    ],
    "body_text": [
        {
            "text": "From December 2019, a pneumonia with unknown cause emerged in the Huanan seafood wholesale market, Wuhan, Hubei province. On January 3, 2020, the first complete genome of the novel \u03b2 genus coronaviruses was identified in samples of bronchoalveolar lavage fluid (BALF) from a patient [1] , which is different from the known 6 coronaviruses and named 2019 novel coronavirus (2019-nCoV) by WHO [2] . Soon later, the novel virus has proved to share more than 79% of same sequence with the severe acute respiratory syndrome coronavirus (SARS-CoV) [3] . Therefore, the virus is formally designated as severe acute respiratory syndrome coronavirus 2 (SARS-CoV-2) by the Coronavirus Study Group (CSG) of the International Committee on Taxonomy of Viruses [4] . The disease caused by the virus is named as coronavirus disease 2019 .",
            "cite_spans": [
                {
                    "start": 283,
                    "end": 286,
                    "text": "[1]",
                    "ref_id": "BIBREF0"
                },
                {
                    "start": 391,
                    "end": 394,
                    "text": "[2]",
                    "ref_id": "BIBREF1"
                },
                {
                    "start": 542,
                    "end": 545,
                    "text": "[3]",
                    "ref_id": "BIBREF2"
                },
                {
                    "start": 747,
                    "end": 750,
                    "text": "[4]",
                    "ref_id": "BIBREF3"
                }
            ],
            "ref_spans": [],
            "section": "Introduction"
        },
        {
            "text": "In the following months, SARS-CoV-2 quickly spread throughout China and even other countries [5] [6] [7] [8] . However, the knowledge and understanding of the COVID-19 are still limited. Generally, the disease could be classified into four clinical types: mild, moderate, severe and critical pneumonia [9] . According data released by Chinese Center for Disease Control and Prevention (CDC) on February 17, 2020, a total of 44,672 cases (61.8%) has been confirmed COVID-19 [10] . Among them, more than 80% are mild or moderate with relatively good short-term prognosis due to self-limiting process. However, 6,168 (13.8%) cases belong to the severe type and is more likely to develop All rights reserved. No reuse allowed without permission. the author/funder, who has granted medRxiv a license to display the preprint in perpetuity.",
            "cite_spans": [
                {
                    "start": 93,
                    "end": 96,
                    "text": "[5]",
                    "ref_id": "BIBREF6"
                },
                {
                    "start": 97,
                    "end": 100,
                    "text": "[6]",
                    "ref_id": "BIBREF7"
                },
                {
                    "start": 101,
                    "end": 104,
                    "text": "[7]",
                    "ref_id": "BIBREF8"
                },
                {
                    "start": 105,
                    "end": 108,
                    "text": "[8]",
                    "ref_id": "BIBREF9"
                },
                {
                    "start": 302,
                    "end": 305,
                    "text": "[9]",
                    "ref_id": "BIBREF10"
                },
                {
                    "start": 473,
                    "end": 477,
                    "text": "[10]",
                    "ref_id": "BIBREF12"
                }
            ],
            "ref_spans": [],
            "section": "Introduction"
        },
        {
            "text": "The copyright holder for this preprint (which was not peer-reviewed) is . https://doi.org/10.1101/2020.02.27.20027524 doi: medRxiv preprint into the critical pneumonia followed by a death rate of 49%, far beyond the average mortality of 2.3%. Although some data regarding clinical characteristics of COVID-19 has been recently revealed [5-7, 10, 11] , those focusing on patients with the severe type is scarce. Moreover, since SARS-CoV-2 is highly homologous with prior SARS-CoV, it comes naturally that they may have similar clinical features, such as highly contagious infection, high lethality rate, and even sex differences [12] .",
            "cite_spans": [
                {
                    "start": 336,
                    "end": 349,
                    "text": "[5-7, 10, 11]",
                    "ref_id": null
                },
                {
                    "start": 628,
                    "end": 632,
                    "text": "[12]",
                    "ref_id": "BIBREF14"
                }
            ],
            "ref_spans": [],
            "section": "Introduction"
        },
        {
            "text": "In this study, we aim to compare clinical findings between men and women with severe type of COVID-19, and hope to contribute to the prevention and treatment.",
            "cite_spans": [],
            "ref_spans": [],
            "section": "Introduction"
        },
        {
            "text": "All rights reserved. No reuse allowed without permission. the author/funder, who has granted medRxiv a license to display the preprint in perpetuity.",
            "cite_spans": [],
            "ref_spans": [],
            "section": "Introduction"
        },
        {
            "text": "The copyright holder for this preprint (which was not peer-reviewed) is the author/funder, who has granted medRxiv a license to display the preprint in perpetuity.",
            "cite_spans": [],
            "ref_spans": [],
            "section": "Introduction"
        },
        {
            "text": "The copyright holder for this preprint (which was not peer-reviewed) is . https://doi.org/10.1101/2020.02.27.20027524 doi: medRxiv preprint causative bacteria or fungi.",
            "cite_spans": [],
            "ref_spans": [],
            "section": "Introduction"
        },
        {
            "text": "Severe pneumonia met at least one of the following criteria: 1) dyspnea, respiratory frequency \u2265 30/minute, 2) blood oxygen saturation \u226493% at rest, 3)",
            "cite_spans": [],
            "ref_spans": [],
            "section": "Introduction"
        },
        {
            "text": "PaO2/FiO2 ratio \u2264300. Critical pneumonia met at least one of the following criteria: 1) respiratory failure with mechanical ventilation, 2) septic shock, 3) transferred to intensive care unit (ICU) due to multiple organ failure. [9] ",
            "cite_spans": [
                {
                    "start": 154,
                    "end": 156,
                    "text": "3)",
                    "ref_id": "BIBREF2"
                },
                {
                    "start": 229,
                    "end": 232,
                    "text": "[9]",
                    "ref_id": "BIBREF10"
                }
            ],
            "ref_spans": [],
            "section": "Introduction"
        },
        {
            "text": "We obtained demographic, illness history, physical examination, laboratory test, management, and outcome data from patients' medical records. Blood oxygen saturation was measured after oxygen therapy. Clinical outcomes were followed up by February 22, 2020.",
            "cite_spans": [],
            "ref_spans": [],
            "section": "Data collection"
        },
        {
            "text": "Laboratory tests were conducted within 24 hours after admission, including a complete blood count, procalcitonin, interleukin-6, Ferritin, hypersensitive troponin I (hsTnI) and N-terminal-pro brain natriuretic peptide (NTproBNP).",
            "cite_spans": [],
            "ref_spans": [],
            "section": "Data collection"
        },
        {
            "text": "Continuous variables were expressed as median (IQR) and compared with the Mann-Whitney U test; categorical variables were expressed as number (%) and compared by \u03c7\u00b2 test or Fisher's exact test between the men and women groups. A two-sided \u03b1 of less than 0.05 was considered statistically significant.",
            "cite_spans": [],
            "ref_spans": [],
            "section": "Statistical analysis"
        },
        {
            "text": "Statistical analyses were done using the SPSS software (version 23) for all All rights reserved. No reuse allowed without permission. the author/funder, who has granted medRxiv a license to display the preprint in perpetuity.",
            "cite_spans": [],
            "ref_spans": [],
            "section": "Statistical analysis"
        },
        {
            "text": "The copyright holder for this preprint (which was not peer-reviewed) is . https://doi.org/10.1101/2020.02.27.20027524 doi: medRxiv preprint analyses.",
            "cite_spans": [],
            "ref_spans": [],
            "section": "Statistical analysis"
        },
        {
            "text": "All rights reserved. No reuse allowed without permission. the author/funder, who has granted medRxiv a license to display the preprint in perpetuity.",
            "cite_spans": [],
            "ref_spans": [],
            "section": "Statistical analysis"
        },
        {
            "text": "The copyright holder for this preprint (which was not peer-reviewed) is . https://doi.org/10.1101/2020.02.27.20027524 doi: medRxiv preprint",
            "cite_spans": [],
            "ref_spans": [],
            "section": "Statistical analysis"
        },
        {
            "text": "From February 8 to February 11, 2020, 47 laboratory-confirmed COVID-19 patients were classified as severe pneumonia at the area, 28 (59.6%) cases were men. About 63.8% of patients had comorbidities. History of chronic obstructive pulmonary disease (COPD) was non-significant higher but hypertension and cardiovascular disease (CVD) was lower in men than in women. The initial symptoms were mainly fever, cough, myalgia and fatigue.",
            "cite_spans": [],
            "ref_spans": [],
            "section": "Results"
        },
        {
            "text": "Three men and one woman had oxygen saturation below 93% after routine nasal oxygen supply (Table 1) . the author/funder, who has granted medRxiv a license to display the preprint in perpetuity.",
            "cite_spans": [],
            "ref_spans": [
                {
                    "start": 90,
                    "end": 99,
                    "text": "(Table 1)",
                    "ref_id": "TABREF1"
                }
            ],
            "section": "Results"
        },
        {
            "text": "The copyright holder for this preprint (which was not peer-reviewed) is The serum procalcitonin and NTproBNP level were higher in men than in women. Five men had positive influenza A antibody, but no women. Antibiotic therapy was applied more in the men group than the women group ( Table 2) .",
            "cite_spans": [],
            "ref_spans": [
                {
                    "start": 283,
                    "end": 291,
                    "text": "Table 2)",
                    "ref_id": "TABREF4"
                }
            ],
            "section": "Results"
        },
        {
            "text": "All rights reserved. No reuse allowed without permission.",
            "cite_spans": [],
            "ref_spans": [],
            "section": "Results"
        },
        {
            "text": "the author/funder, who has granted medRxiv a license to display the preprint in perpetuity.",
            "cite_spans": [],
            "ref_spans": [],
            "section": "Results"
        },
        {
            "text": "The copyright holder for this preprint (which was not peer-reviewed) is All rights reserved. No reuse allowed without permission.",
            "cite_spans": [],
            "ref_spans": [],
            "section": "Results"
        },
        {
            "text": "the author/funder, who has granted medRxiv a license to display the preprint in perpetuity.",
            "cite_spans": [],
            "ref_spans": [],
            "section": "Results"
        },
        {
            "text": "The copyright holder for this preprint (which was not peer-reviewed) is . https://doi.org/10.1101/2020.02.27.20027524 doi: medRxiv preprint",
            "cite_spans": [],
            "ref_spans": [],
            "section": "Results"
        },
        {
            "text": "The remaining were in stable condition. (Table 3) the author/funder, who has granted medRxiv a license to display the preprint in perpetuity.",
            "cite_spans": [],
            "ref_spans": [
                {
                    "start": 40,
                    "end": 49,
                    "text": "(Table 3)",
                    "ref_id": "TABREF5"
                }
            ],
            "section": "Results"
        },
        {
            "text": "The copyright holder for this preprint (which was not peer-reviewed) is . https://doi.org/10.1101/2020.02.27.20027524 doi: medRxiv preprint",
            "cite_spans": [],
            "ref_spans": [],
            "section": "Results"
        },
        {
            "text": "In this retrospective study, we analyzed data from 47 patients with laboratory-confirmed COVID-19 of severe type. Common symptoms were similar between men and women, consistent with the recent research [6, 7, 11, 13 ]. Men were more likely to have prior COPD, develop secondary infections, receive complicated treatments as well as experience worse in-hospital outcomes, as compared to women.",
            "cite_spans": [
                {
                    "start": 202,
                    "end": 205,
                    "text": "[6,",
                    "ref_id": "BIBREF7"
                },
                {
                    "start": 206,
                    "end": 208,
                    "text": "7,",
                    "ref_id": "BIBREF8"
                },
                {
                    "start": 209,
                    "end": 212,
                    "text": "11,",
                    "ref_id": "BIBREF13"
                },
                {
                    "start": 213,
                    "end": 215,
                    "text": "13",
                    "ref_id": null
                }
            ],
            "ref_spans": [],
            "section": "Discussion"
        },
        {
            "text": "During two-week treatment, men accounted for five of six patients (83.3%)",
            "cite_spans": [],
            "ref_spans": [],
            "section": "Discussion"
        },
        {
            "text": "shifting from severe to critical type. On the other side, only one man (20.0%) in five patients discharged from hospital. The similar phenomenon has also been reported in prior SARS-CoV infection in 2003. Karlberg et al. [12] analyzed 1755 SARS cases and found that men had a significantly higher mortality than women did (21.9% versus 13.2%, p < 0.0001). Leung et al. [14] showed that male sex was independently associated with a greater risk for adverse events in SARS patients. Interestingly, there is no clear evidence showing the sex difference in prognosis of influenza [15] [16] [17] . It seems that the different prognosis between men and women might be a feature for coronavirus infections.",
            "cite_spans": [
                {
                    "start": 221,
                    "end": 225,
                    "text": "[12]",
                    "ref_id": "BIBREF14"
                },
                {
                    "start": 369,
                    "end": 373,
                    "text": "[14]",
                    "ref_id": null
                },
                {
                    "start": 576,
                    "end": 580,
                    "text": "[15]",
                    "ref_id": "BIBREF16"
                },
                {
                    "start": 581,
                    "end": 585,
                    "text": "[16]",
                    "ref_id": "BIBREF17"
                },
                {
                    "start": 586,
                    "end": 590,
                    "text": "[17]",
                    "ref_id": "BIBREF18"
                }
            ],
            "ref_spans": [],
            "section": "Discussion"
        },
        {
            "text": "The reason for sex difference is unknown. Some studies suggested that different outcomes between men and women could be explained by estrogen which might protect females from worse outcomes after SARS-CoV infection [12, 18] . Another possible explanation for this is that the prevalence of malignancy was higher in males. Liang et al. [19] found that in severe COVID-19 patients, those with cancer had poorer outcomes from COVID-19.",
            "cite_spans": [
                {
                    "start": 215,
                    "end": 219,
                    "text": "[12,",
                    "ref_id": "BIBREF14"
                },
                {
                    "start": 220,
                    "end": 223,
                    "text": "18]",
                    "ref_id": "BIBREF19"
                },
                {
                    "start": 335,
                    "end": 339,
                    "text": "[19]",
                    "ref_id": "BIBREF20"
                }
            ],
            "ref_spans": [],
            "section": "Discussion"
        },
        {
            "text": "In addition, more men in our study were co-infected with bacteria or influenza virus, which may somewhat result in high risk.",
            "cite_spans": [],
            "ref_spans": [],
            "section": "Discussion"
        },
        {
            "text": "Rothberg et al. [20] reported that bacterial infection was a common pulmonary complication of influenza. We found that positive influenza A antibody were detected in 5 men patients but not in women. Otherwise a higher rate of increased procalcitonin was also observed in men. These findings suggested that men with severe COVID-19 is susceptible to secondary infections with virus or bacteria, resulting in higher utilization rate of advanced antiviral therapy and antibiotics. Chen et al. [11] observed that 71% of confirmed COVID-19 patients used antibiotic treatment, but no comparison between men and women. It will be clinically meaningful to further investigate why and which type of influenza virus or bacteria are more likely to co-infect with SARS-CoV-2 in men.",
            "cite_spans": [
                {
                    "start": 16,
                    "end": 20,
                    "text": "[20]",
                    "ref_id": "BIBREF21"
                },
                {
                    "start": 490,
                    "end": 494,
                    "text": "[11]",
                    "ref_id": "BIBREF13"
                }
            ],
            "ref_spans": [],
            "section": "Discussion"
        },
        {
            "text": "Another, we observed that NTproBNP but not cTnI was higher in men, suggesting more damage in heart function might exist in men after SARS-CoV-2 infection. It was reported that women were associated with less remodeling after cardiac injury, due to the protection of estrogens [21] . Our findings imply that physicians should pay more attention to cardiac function in men with severe COVID-19.",
            "cite_spans": [
                {
                    "start": 276,
                    "end": 280,
                    "text": "[21]",
                    "ref_id": "BIBREF22"
                }
            ],
            "ref_spans": [],
            "section": "Discussion"
        },
        {
            "text": "All rights reserved. No reuse allowed without permission. the author/funder, who has granted medRxiv a license to display the preprint in perpetuity.",
            "cite_spans": [],
            "ref_spans": [],
            "section": "Discussion"
        },
        {
            "text": "The copyright holder for this preprint (which was not peer-reviewed) is . https://doi.org/10.1101/2020.02.27.20027524 doi: medRxiv preprint",
            "cite_spans": [],
            "ref_spans": [],
            "section": "Discussion"
        }
    ],
    "bib_entries": {
        "BIBREF0": {
            "ref_id": "b0",
            "title": "A Novel Coronavirus Genome Identified in a Cluster of Pneumonia Cases -Wuhan",
            "authors": [
                {
                    "first": "W",
                    "middle": [],
                    "last": "Tan",
                    "suffix": ""
                },
                {
                    "first": "X",
                    "middle": [],
                    "last": "Zhao",
                    "suffix": ""
                },
                {
                    "first": "X",
                    "middle": [],
                    "last": "Ma",
                    "suffix": ""
                }
            ],
            "year": 2019,
            "venue": "China CDC Weekly",
            "volume": "2",
            "issn": "",
            "pages": "61--62",
            "other_ids": {}
        },
        "BIBREF1": {
            "ref_id": "b1",
            "title": "Laboratory testing for 2019 novel coronavirus (2019-nCoV) in suspected human cases",
            "authors": [],
            "year": 2020,
            "venue": "",
            "volume": "",
            "issn": "",
            "pages": "",
            "other_ids": {}
        },
        "BIBREF2": {
            "ref_id": "b2",
            "title": "Identification of a novel coronavirus causing severe pneumonia in human",
            "authors": [
                {
                    "first": "L",
                    "middle": [],
                    "last": "Ren",
                    "suffix": ""
                },
                {
                    "first": "Y",
                    "middle": [],
                    "last": "Wang",
                    "suffix": ""
                },
                {
                    "first": "Z",
                    "middle": [],
                    "last": "Wu",
                    "suffix": ""
                }
            ],
            "year": 2020,
            "venue": "Chin Med J (Engl)",
            "volume": "",
            "issn": "",
            "pages": "",
            "other_ids": {
                "DOI": [
                    "10.1097/CM9.0000000000000722"
                ]
            }
        },
        "BIBREF3": {
            "ref_id": "b3",
            "title": "Severe acute respiratory syndrome-related coronavirus: The species and its viruses -a statement of the",
            "authors": [
                {
                    "first": "A",
                    "middle": [
                        "E"
                    ],
                    "last": "Gorbalenya",
                    "suffix": ""
                },
                {
                    "first": "S",
                    "middle": [
                        "C"
                    ],
                    "last": "Baker",
                    "suffix": ""
                },
                {
                    "first": "R",
                    "middle": [
                        "S"
                    ],
                    "last": "Baric",
                    "suffix": ""
                }
            ],
            "year": null,
            "venue": "",
            "volume": "",
            "issn": "",
            "pages": "",
            "other_ids": {}
        },
        "BIBREF6": {
            "ref_id": "b6",
            "title": "A familial cluster of pneumonia associated with the 2019 novel coronavirus indicating person-to-person transmission: a study of a family cluster",
            "authors": [
                {
                    "first": "J",
                    "middle": [
                        "F"
                    ],
                    "last": "Chan",
                    "suffix": ""
                },
                {
                    "first": "S",
                    "middle": [],
                    "last": "Yuan",
                    "suffix": ""
                },
                {
                    "first": "K",
                    "middle": [],
                    "last": "Kok",
                    "suffix": ""
                }
            ],
            "year": 2020,
            "venue": "Lancet",
            "volume": "395",
            "issn": "",
            "pages": "514--537",
            "other_ids": {
                "DOI": [
                    "10.1016/S0140-6736(20)30154-9"
                ]
            }
        },
        "BIBREF7": {
            "ref_id": "b7",
            "title": "Clinical features of patients infected with 2019 novel coronavirus in Wuhan,China",
            "authors": [
                {
                    "first": "C",
                    "middle": [],
                    "last": "Huang",
                    "suffix": ""
                },
                {
                    "first": "Y",
                    "middle": [],
                    "last": "Wang",
                    "suffix": ""
                },
                {
                    "first": "X",
                    "middle": [],
                    "last": "Li",
                    "suffix": ""
                }
            ],
            "year": 2020,
            "venue": "Lancet",
            "volume": "395",
            "issn": "",
            "pages": "497--506",
            "other_ids": {
                "DOI": [
                    "10.1016/S0140-6736(20)30183-5"
                ]
            }
        },
        "BIBREF8": {
            "ref_id": "b8",
            "title": "Clinical findings in a group of patients infected with the 2019 novel coronavirus (SARS-Cov-2) outside of Wuhan, China: retrospective case series",
            "authors": [
                {
                    "first": "X",
                    "middle": [],
                    "last": "Xu",
                    "suffix": ""
                },
                {
                    "first": "X",
                    "middle": [],
                    "last": "Wu",
                    "suffix": ""
                },
                {
                    "first": "X",
                    "middle": [],
                    "last": "Jiang",
                    "suffix": ""
                }
            ],
            "year": 2020,
            "venue": "BMJ",
            "volume": "368",
            "issn": "",
            "pages": "",
            "other_ids": {
                "DOI": [
                    "10.1136/bmj.m606"
                ]
            }
        },
        "BIBREF9": {
            "ref_id": "b9",
            "title": "Early epidemiological analysis of the coronavirus disease 2019 outbreak based on crowdsourced data: a population-level observational study",
            "authors": [
                {
                    "first": "K",
                    "middle": [],
                    "last": "Sun",
                    "suffix": ""
                },
                {
                    "first": "J",
                    "middle": [],
                    "last": "Chen",
                    "suffix": ""
                },
                {
                    "first": "C",
                    "middle": [],
                    "last": "Viboud",
                    "suffix": ""
                }
            ],
            "year": 2020,
            "venue": "Lancet Digital Health",
            "volume": "",
            "issn": "",
            "pages": "",
            "other_ids": {
                "DOI": [
                    "10.1016/S2589-7500(20)30026-1"
                ]
            }
        },
        "BIBREF10": {
            "ref_id": "b10",
            "title": "China NHCO. the Diagnosis and Treatment of Pneumonia Infected by Novel Coronavirus",
            "authors": [],
            "year": 2020,
            "venue": "",
            "volume": "",
            "issn": "",
            "pages": "",
            "other_ids": {}
        },
        "BIBREF11": {
            "ref_id": "b11",
            "title": "9db5b8912d4440/files/7260301a393845fc87fcf6dd52965ecb.pdf?ich_args2=46-2414510 0054382_b8ed1a1a481d778c43503cdcde88e45c_10001002_9c896c2ed2c1f6d1913c51 8939a83798_10cabae9adc42948a617b3b1c71d6fff",
            "authors": [],
            "year": 2020,
            "venue": "",
            "volume": "",
            "issn": "",
            "pages": "",
            "other_ids": {}
        },
        "BIBREF12": {
            "ref_id": "b12",
            "title": "The epidemiological characteristics of an outbreak of 2019 novel coronavirus disease (COVID-19) in China",
            "authors": [
                {
                    "first": "Tncp",
                    "middle": [],
                    "last": "Team",
                    "suffix": ""
                }
            ],
            "year": 2020,
            "venue": "Chinese Journal of Epidemiology",
            "volume": "41",
            "issn": "",
            "pages": "145--51",
            "other_ids": {
                "DOI": [
                    "10.3760/cma.j.issn.0254-6450.2020.02.003"
                ]
            }
        },
        "BIBREF13": {
            "ref_id": "b13",
            "title": "Epidemiological and clinical characteristics of 99 cases of 2019 novel coronavirus pneumonia in Wuhan, China: a descriptive study",
            "authors": [
                {
                    "first": "N",
                    "middle": [],
                    "last": "Chen",
                    "suffix": ""
                },
                {
                    "first": "M",
                    "middle": [],
                    "last": "Zhou",
                    "suffix": ""
                },
                {
                    "first": "X",
                    "middle": [],
                    "last": "Dong",
                    "suffix": ""
                }
            ],
            "year": 2020,
            "venue": "Lancet",
            "volume": "395",
            "issn": "",
            "pages": "30211--30218",
            "other_ids": {
                "DOI": [
                    "10.1016/S0140-6736(20"
                ]
            }
        },
        "BIBREF14": {
            "ref_id": "b14",
            "title": "Do men have a higher case fatality rate of severe acute respiratory syndrome than women do?",
            "authors": [
                {
                    "first": "J",
                    "middle": [],
                    "last": "Karlberg",
                    "suffix": ""
                },
                {
                    "first": "D",
                    "middle": [
                        "S"
                    ],
                    "last": "Chong",
                    "suffix": ""
                },
                {
                    "first": "W",
                    "middle": [
                        "Y"
                    ],
                    "last": "Lai",
                    "suffix": ""
                }
            ],
            "year": 2004,
            "venue": "Am J Epidemiol",
            "volume": "159",
            "issn": "",
            "pages": "229--260",
            "other_ids": {}
        },
        "BIBREF15": {
            "ref_id": "b15",
            "title": "Hong Kong epidemic: an analysis of all 1755 patients",
            "authors": [],
            "year": 2003,
            "venue": "Ann Intern Med",
            "volume": "141",
            "issn": "",
            "pages": "662--73",
            "other_ids": {}
        },
        "BIBREF16": {
            "ref_id": "b16",
            "title": "Sex and sex steroids impact influenza pathogenesis across the life course",
            "authors": [
                {
                    "first": "L",
                    "middle": [
                        "G"
                    ],
                    "last": "Vom Steeg",
                    "suffix": ""
                },
                {
                    "first": "S",
                    "middle": [
                        "L"
                    ],
                    "last": "Klein",
                    "suffix": ""
                }
            ],
            "year": 2019,
            "venue": "Semin Immunopathol",
            "volume": "41",
            "issn": "",
            "pages": "189--94",
            "other_ids": {
                "DOI": [
                    "10.1007/s00281-018-0718-5"
                ]
            }
        },
        "BIBREF17": {
            "ref_id": "b17",
            "title": "Age and Sex Differences in Rates of Influenza-Associated Hospitalizations in HongKong",
            "authors": [
                {
                    "first": "X",
                    "middle": [],
                    "last": "Wang",
                    "suffix": ""
                },
                {
                    "first": "L",
                    "middle": [],
                    "last": "Yang",
                    "suffix": ""
                },
                {
                    "first": "K",
                    "middle": [],
                    "last": "Chan",
                    "suffix": ""
                }
            ],
            "year": 2015,
            "venue": "Am J Epidemiol",
            "volume": "182",
            "issn": "",
            "pages": "335--379",
            "other_ids": {
                "DOI": [
                    "10.1093/aje/kwv068"
                ]
            }
        },
        "BIBREF18": {
            "ref_id": "b18",
            "title": "Impacts of age and gender at the risk of underlying medical conditions and death in patients with avian influenza A (H7N9): a meta-analysis study",
            "authors": [
                {
                    "first": "Q",
                    "middle": [],
                    "last": "Cheng",
                    "suffix": ""
                },
                {
                    "first": "G",
                    "middle": [],
                    "last": "Zhao",
                    "suffix": ""
                },
                {
                    "first": "L",
                    "middle": [],
                    "last": "Xie",
                    "suffix": ""
                }
            ],
            "year": 2018,
            "venue": "Ther Clin Risk Manag",
            "volume": "14",
            "issn": "",
            "pages": "1615--1641",
            "other_ids": {
                "DOI": [
                    "10.2147/TCRM.S173834"
                ]
            }
        },
        "BIBREF19": {
            "ref_id": "b19",
            "title": "Sex differences in immune responses",
            "authors": [
                {
                    "first": "S",
                    "middle": [
                        "L"
                    ],
                    "last": "Klein",
                    "suffix": ""
                },
                {
                    "first": "K",
                    "middle": [
                        "L"
                    ],
                    "last": "Flanagan",
                    "suffix": ""
                }
            ],
            "year": 2016,
            "venue": "Nat Rev Immunol",
            "volume": "16",
            "issn": "",
            "pages": "626--664",
            "other_ids": {
                "DOI": [
                    "10.1038/nri.2016.90"
                ]
            }
        },
        "BIBREF20": {
            "ref_id": "b20",
            "title": "Cancer patients in SARS-CoV-2 infection: a nationwide analysis in China",
            "authors": [
                {
                    "first": "W",
                    "middle": [],
                    "last": "Liang",
                    "suffix": ""
                },
                {
                    "first": "W",
                    "middle": [],
                    "last": "Guan",
                    "suffix": ""
                },
                {
                    "first": "R",
                    "middle": [],
                    "last": "Chen",
                    "suffix": ""
                }
            ],
            "year": 2020,
            "venue": "Lancet. Oncol",
            "volume": "",
            "issn": "",
            "pages": "30096--30102",
            "other_ids": {
                "DOI": [
                    "10.1016/S1470-2045(20"
                ]
            }
        },
        "BIBREF21": {
            "ref_id": "b21",
            "title": "Complications of viral influenza",
            "authors": [
                {
                    "first": "M",
                    "middle": [
                        "B"
                    ],
                    "last": "Rothberg",
                    "suffix": ""
                },
                {
                    "first": "S",
                    "middle": [
                        "D"
                    ],
                    "last": "Haessler",
                    "suffix": ""
                },
                {
                    "first": "R",
                    "middle": [
                        "B"
                    ],
                    "last": "Brown",
                    "suffix": ""
                }
            ],
            "year": 2008,
            "venue": "Am J Med",
            "volume": "121",
            "issn": "",
            "pages": "258--64",
            "other_ids": {
                "DOI": [
                    "10.1016/j.amjmed.2007.10.040"
                ]
            }
        },
        "BIBREF22": {
            "ref_id": "b22",
            "title": "Gender differences in cardiac hypertrophic remodeling",
            "authors": [
                {
                    "first": "M",
                    "middle": [],
                    "last": "Patrizio",
                    "suffix": ""
                },
                {
                    "first": "G",
                    "middle": [],
                    "last": "Marano",
                    "suffix": ""
                }
            ],
            "year": null,
            "venue": "",
            "volume": "",
            "issn": "",
            "pages": "",
            "other_ids": {}
        }
    },
    "ref_entries": {
        "FIGREF0": {
            "text": "5th trial edition) pressed by the General Office of the National Health Commission and the General Office of the National Administration of Traditional Chinese Medicine[9]. This study was approved by the Ethics Commission of Beijing Hospital. Laboratory confirmation of SARS-CoV-2 was done in four different institutions: the Chinese CDC, the Chinese Academy of Medical Science, Academy of Military Medical Sciences, and Wuhan Institute of Virology and Chinese Academy of Sciences. Throat-swab specimens from the upper respiratory tract that were obtained from all patients at admission were collected for extracting SARS-CoV-2 RNA. The protocol was the same as the document published recently[6]. We also examined other respiratory viruses with real-time RT-PCR, including influenza A virus (H1N1, H3N2, H7N9), influenza B virus, respiratory syncytial virus, parainfluenza virus, adenovirus, SARS coronavirus (SARS-CoV), and MERS coronavirus (MERS-CoV). Sputum or endotracheal aspirates were obtained at admission for the identification of possible All rights reserved. No reuse allowed without permission.",
            "latex": null,
            "type": "figure"
        },
        "FIGREF1": {
            "text": "indicate differences between men and women. p \uff1c .05 was considered statistically significant. \u00a7 Oxygen saturation was measured on admission after receiving oxygen therapy. COVID-19 = coronavirus disease 2019 \uff1b COPD = chronic obstructive pulmonary disease; CVD = cardiovascular disease; SBP = systolic blood pressure; DBP = diastolic blood pressure.",
            "latex": null,
            "type": "figure"
        },
        "FIGREF2": {
            "text": "indicate differences between men and women. p \uff1c .05 was considered statistically significant. COVID-19 = coronavirus disease 2019; WBC = white blood cell; hsTnI = hypersensitive troponin I; NTproBNP = N-terminal-pro brain natriuretic peptide; By the end of February 22, 2020, 5 men and 1 woman deteriorated and were reclassified as critical condition. At the same period, 4 women and 1 man recovered and discharged from hospital according to the Criteria of Diagnosis and Treatment of Pneumonia Infected by Novel Coronavirus (5th trial edition).",
            "latex": null,
            "type": "figure"
        },
        "TABREF0": {
            "text": "We retrospectively collected data of 47 patients at Sino-French New Town area Tongji Hospital, Wuhan, where was supported and charged by the medical team of Beijing Hospital from February 8, 2020. Patients were all diagnosed with COVID-19 and classified into severe pneumonia according to the Diagnosis and Treatment of Pneumonia Infected by Novel Coronavirus",
            "latex": null,
            "type": "table"
        },
        "TABREF1": {
            "text": "",
            "latex": null,
            "type": "table"
        },
        "TABREF4": {
            "text": "Laboratory characteristics of severe pneumonia patients with COVID-19",
            "latex": null,
            "type": "table"
        },
        "TABREF5": {
            "text": "Treatment and outcomes for severe pneumonia patients with COVID-19",
            "latex": null,
            "type": "table"
        }
    },
    "back_matter": [
        {
            "text": "The study was funded by the Beijing Municipal Natural Science Foundation (No.7192078). We thank all patients involved in this study.",
            "cite_spans": [],
            "ref_spans": [],
            "section": "Acknowledgments"
        },
        {
            "text": "All rights reserved. No reuse allowed without permission.",
            "cite_spans": [],
            "ref_spans": [],
            "section": "annex"
        }
    ]
}