{
    "paper_id": "6ad14ceec74dc9b3d3dc6db7fc319b9dc22dc546",
    "metadata": {
        "title": "",
        "authors": []
    },
    "abstract": [],
    "body_text": [
        {
            "text": "The copyright holder for this preprint (which was not peer-reviewed) is the author/funder. It . https://doi.org/10.1101/488510 doi: bioRxiv preprint The copyright holder for this preprint (which was not peer-reviewed) is the author/funder. It . https://doi.org/10.1101/488510 doi: bioRxiv preprint The copyright holder for this preprint (which was not peer-reviewed) is the author/funder. It . https://doi.org/10.1101/488510 doi: bioRxiv preprint show 2-day-old piglets (n=6) and 3-day-old piglets (n=9), respectively. K0 and W0 represent KO 208 and WT animals that were not inoculated with PEDV and were reared by their dams on the farm.",
            "cite_spans": [
                {
                    "start": 542,
                    "end": 545,
                    "text": "208",
                    "ref_id": null
                }
            ],
            "ref_spans": [],
            "section": "Introduction"
        },
        {
            "text": "KO and WT are knockout treated and wild-type treated animals, respectively. (Table 4) . Furthermore, all piglets sustained their activity until 214 24 hpi (Table 4 ). In the WT group, the first death occurred at 40 hpi ( Fig 4B) ; two piglets were 215 lost at 48 hpi, 4 piglets died at 56 hpi, and the remaining two piglets were alive at the end of the 216 trial. In the CMAH KO group, the first animal was lost at 44 hpi, and 3, 3, 1 and 1 piglets died at 217 52, 56, 64 and 68 hpi, respectively (Fig 4B) . There was no significant difference in the decrease in and WT) showed sustained activity and viability at least until 56 hpi, with the exception of one 232 CMAH KO piglet that died prior to the end of the trial (Table 5) . The copyright holder for this preprint (which was not peer-reviewed) is the author/funder. It . https://doi.org/10.1101/488510 doi: bioRxiv preprint The copyright holder for this preprint (which was not peer-reviewed) is the author/funder. It . https://doi.org/10.1101/488510 doi: bioRxiv preprint",
            "cite_spans": [],
            "ref_spans": [
                {
                    "start": 76,
                    "end": 85,
                    "text": "(Table 4)",
                    "ref_id": "TABREF3"
                },
                {
                    "start": 155,
                    "end": 163,
                    "text": "(Table 4",
                    "ref_id": "TABREF3"
                },
                {
                    "start": 221,
                    "end": 228,
                    "text": "Fig 4B)",
                    "ref_id": null
                },
                {
                    "start": 497,
                    "end": 505,
                    "text": "(Fig 4B)",
                    "ref_id": null
                },
                {
                    "start": 719,
                    "end": 728,
                    "text": "(Table 5)",
                    "ref_id": "TABREF4"
                }
            ],
            "section": "209"
        }
    ],
    "bib_entries": {
        "BIBREF0": {
            "ref_id": "b0",
            "title": "Porcine epidemic diarrhea virus: an emerging and re-emerging epizootic swine 609 virus",
            "authors": [
                {
                    "first": "C",
                    "middle": [],
                    "last": "Lee",
                    "suffix": ""
                }
            ],
            "year": 2015,
            "venue": "Virol J",
            "volume": "12",
            "issn": "",
            "pages": "",
            "other_ids": {}
        },
        "BIBREF1": {
            "ref_id": "b1",
            "title": "Completion of the Porcine epidemic 628 diarrhoea coronavirus (PEDV) genome sequence",
            "authors": [
                {
                    "first": "R",
                    "middle": [],
                    "last": "Kocherhans",
                    "suffix": ""
                },
                {
                    "first": "A",
                    "middle": [],
                    "last": "Bridgen",
                    "suffix": ""
                },
                {
                    "first": "M",
                    "middle": [],
                    "last": "Ackermann",
                    "suffix": ""
                },
                {
                    "first": "K",
                    "middle": [],
                    "last": "Tobler",
                    "suffix": ""
                }
            ],
            "year": 2001,
            "venue": "Virus Genes",
            "volume": "23",
            "issn": "",
            "pages": "137--144",
            "other_ids": {}
        },
        "BIBREF2": {
            "ref_id": "b2",
            "title": "Porcine epidemic diarrhea: a review of current epidemiology 630 and available vaccines",
            "authors": [
                {
                    "first": "D",
                    "middle": [],
                    "last": "Song",
                    "suffix": ""
                },
                {
                    "first": "H",
                    "middle": [],
                    "last": "Moon",
                    "suffix": ""
                },
                {
                    "first": "B",
                    "middle": [],
                    "last": "Kang",
                    "suffix": ""
                }
            ],
            "year": 2015,
            "venue": "Clin Exp Vaccine Res",
            "volume": "4",
            "issn": "",
            "pages": "166--176",
            "other_ids": {}
        },
        "BIBREF3": {
            "ref_id": "b3",
            "title": "Genetic variability and phylogeny of current 632",
            "authors": [
                {
                    "first": "R",
                    "middle": [],
                    "last": "Sun",
                    "suffix": ""
                },
                {
                    "first": "Z",
                    "middle": [],
                    "last": "Leng",
                    "suffix": ""
                },
                {
                    "first": "S-L",
                    "middle": [],
                    "last": "Zhai",
                    "suffix": ""
                },
                {
                    "first": "D",
                    "middle": [],
                    "last": "Chen",
                    "suffix": ""
                },
                {
                    "first": "C",
                    "middle": [],
                    "last": "Song",
                    "suffix": ""
                }
            ],
            "year": null,
            "venue": "",
            "volume": "",
            "issn": "",
            "pages": "",
            "other_ids": {}
        },
        "BIBREF4": {
            "ref_id": "b4",
            "title": "Chinese Porcine epidemic diarrhea virus strains based on spike, ORF3, and 633 membranegenes",
            "authors": [],
            "year": 2014,
            "venue": "Sci World J",
            "volume": "",
            "issn": "",
            "pages": "",
            "other_ids": {}
        },
        "BIBREF5": {
            "ref_id": "b5",
            "title": "Sialic acids as receptor determinants for coronaviruses",
            "authors": [
                {
                    "first": "C",
                    "middle": [],
                    "last": "Herrler",
                    "suffix": ""
                },
                {
                    "first": "G",
                    "middle": [],
                    "last": "",
                    "suffix": ""
                }
            ],
            "year": null,
            "venue": "",
            "volume": "",
            "issn": "",
            "pages": "",
            "other_ids": {}
        },
        "BIBREF7": {
            "ref_id": "b7",
            "title": "Porcine aminopeptidase N is a functional receptor for the PEDV 637 coronavirus",
            "authors": [
                {
                    "first": "B",
                    "middle": [
                        "X"
                    ],
                    "last": "Li",
                    "suffix": ""
                },
                {
                    "first": "J",
                    "middle": [
                        "W"
                    ],
                    "last": "Ge",
                    "suffix": ""
                },
                {
                    "first": "Y",
                    "middle": [
                        "J"
                    ],
                    "last": "Li",
                    "suffix": ""
                }
            ],
            "year": 2007,
            "venue": "Virology",
            "volume": "365",
            "issn": "",
            "pages": "166--172",
            "other_ids": {}
        },
        "BIBREF8": {
            "ref_id": "b8",
            "title": "Porcine aminopeptidase N 639 mediated polarized infection by Porcine epidemic diarrhea virus in target cells",
            "authors": [
                {
                    "first": "Y",
                    "middle": [],
                    "last": "Cong",
                    "suffix": ""
                },
                {
                    "first": "X",
                    "middle": [],
                    "last": "Li",
                    "suffix": ""
                },
                {
                    "first": "Y",
                    "middle": [],
                    "last": "Bai",
                    "suffix": ""
                },
                {
                    "first": "X",
                    "middle": [],
                    "last": "Lv",
                    "suffix": ""
                },
                {
                    "first": "G",
                    "middle": [],
                    "last": "Herrler",
                    "suffix": ""
                },
                {
                    "first": "L",
                    "middle": [],
                    "last": "Enjuanes",
                    "suffix": ""
                }
            ],
            "year": 2015,
            "venue": "Virology",
            "volume": "640",
            "issn": "",
            "pages": "1--8",
            "other_ids": {}
        },
        "BIBREF9": {
            "ref_id": "b9",
            "title": "coronavirus, has a sialic acid (N-glycolylneuraminic acid) binding activity",
            "authors": [],
            "year": 1996,
            "venue": "J Virol",
            "volume": "647",
            "issn": "",
            "pages": "5634--5637",
            "other_ids": {}
        },
        "BIBREF10": {
            "ref_id": "b10",
            "title": "Multiple changes in sialic acid biology during human evolution",
            "authors": [
                {
                    "first": "A",
                    "middle": [],
                    "last": "Varki",
                    "suffix": ""
                }
            ],
            "year": 2009,
            "venue": "Glycoconj J",
            "volume": "649",
            "issn": "",
            "pages": "231--245",
            "other_ids": {}
        },
        "BIBREF11": {
            "ref_id": "b11",
            "title": "Multifarious roles of sialic acids in immunity",
            "authors": [
                {
                    "first": "A",
                    "middle": [],
                    "last": "Varki",
                    "suffix": ""
                },
                {
                    "first": "P",
                    "middle": [],
                    "last": "Gagneux",
                    "suffix": ""
                }
            ],
            "year": 2012,
            "venue": "Ann N Y Acad Sci",
            "volume": "651",
            "issn": "",
            "pages": "16--36",
            "other_ids": {}
        },
        "BIBREF12": {
            "ref_id": "b12",
            "title": "Fixation of the human-specific CMP-653",
            "authors": [
                {
                    "first": "T",
                    "middle": [],
                    "last": "Hayakawa",
                    "suffix": ""
                },
                {
                    "first": "I",
                    "middle": [],
                    "last": "Aki",
                    "suffix": ""
                },
                {
                    "first": "A",
                    "middle": [],
                    "last": "Varki",
                    "suffix": ""
                },
                {
                    "first": "Y",
                    "middle": [],
                    "last": "Satta",
                    "suffix": ""
                },
                {
                    "first": "N",
                    "middle": [],
                    "last": "Takahata",
                    "suffix": ""
                }
            ],
            "year": null,
            "venue": "",
            "volume": "",
            "issn": "",
            "pages": "",
            "other_ids": {}
        },
        "BIBREF13": {
            "ref_id": "b13",
            "title": "How to control PEDV in Taiwan",
            "authors": [
                {
                    "first": "C",
                    "middle": [],
                    "last": "Chen",
                    "suffix": ""
                }
            ],
            "year": 2017,
            "venue": "",
            "volume": "",
            "issn": "",
            "pages": "",
            "other_ids": {}
        },
        "BIBREF14": {
            "ref_id": "b14",
            "title": "Age-dependent variation in innate immune responses 723 to Porcine epidemic diarrhea virus infection in suckling versus weaned pigs",
            "authors": [
                {
                    "first": "T",
                    "middle": [],
                    "last": "Annamalai",
                    "suffix": ""
                },
                {
                    "first": "L",
                    "middle": [
                        "J"
                    ],
                    "last": "Saif",
                    "suffix": ""
                },
                {
                    "first": "Z",
                    "middle": [],
                    "last": "Lu",
                    "suffix": ""
                },
                {
                    "first": "K",
                    "middle": [],
                    "last": "Jung",
                    "suffix": ""
                }
            ],
            "year": null,
            "venue": "Vet Immunol",
            "volume": "724",
            "issn": "",
            "pages": "",
            "other_ids": {}
        },
        "BIBREF16": {
            "ref_id": "b16",
            "title": "Analysis of CMAH Gene-Edited Offspring from the First Parity. A. The PCR products",
            "authors": [],
            "year": null,
            "venue": "S1 Fig",
            "volume": "",
            "issn": "",
            "pages": "",
            "other_ids": {}
        }
    },
    "ref_entries": {
        "FIGREF0": {
            "text": "Generation of CMAH Gene-Edited Pigs. A. The porcine CMAH gene editing sites were 147 designated on exon 2 (sense strand, red capital letters underlined in red) and intron 2 (antisense 148 strand, red letters underlined in red). The sequences underlined in black are PCR primers. The 149 sequences shown in large capital letters with yellow shading are exon 2. The blue arrows indicate",
            "latex": null,
            "type": "figure"
        },
        "FIGREF1": {
            "text": "mutant (Knockout, KO) and wild-type (WT) animals initially displayed clinical signs of vomiting 187 and diarrhoea at 12 hours post-inoculation (hpi), and their activity also decreased(Table 4). In the 188 WT group, the first piglet's death occurred at 44 hpi; a second animal died at 52 hpi, a third at 68 189 hpi, and the remaining three animals were moribund and nearly dead at 72 hpi(Fig 4A). In the 190 CMAH KO group, the first piglet died at 60 hpi, 3 piglets were moribund at 72 hpi, and the other 191 remaining two piglets survived until the end of the trial(Fig 4A andTable 4). After nv-PEDV 192 inoculation, the loss of body weight of WT piglets was 0.69\u00b10.04 kg, significantly (p<0.01) greater 193 than that of CMAH KO piglets (0.45\u00b10.03 kg)(Fig 5A).",
            "latex": null,
            "type": "figure"
        },
        "FIGREF3": {
            "text": "Survival of Neonatal Piglets After Oral Inoculation with nv-PEDV. A, 2-day-old piglets; 201 B, 3-day-old neonatal piglets inoculated with PEDV. Solid circles (A) or squares (B) with lines 202 represent the CMAH KO piglets, and open diamonds (A) or squares (B) with dashed lines indicate 203 wild-type piglets. The arrow shows the time of inoculation. In A at 72 hpi, three moribund WT 204 piglets are classified as dead piglets.",
            "latex": null,
            "type": "figure"
        },
        "FIGREF5": {
            "text": "Body Weights of Neonatal Piglets Before and After Oral PEDV Inoculation. A and B207",
            "latex": null,
            "type": "figure"
        },
        "FIGREF6": {
            "text": "II: The 3-day-old piglets were examined as in exp. I. Although both CMAH KO and 212 WT animals initially showed clinical signs of vomiting and diarrhoea at 12 hpi, 2 KO and 4 WT 213 piglets were without clinical signs",
            "latex": null,
            "type": "figure"
        },
        "FIGREF7": {
            "text": "218 body weight in the two groups of piglets (WT/ -0.60\u00b10.02 kg vs. CMAH KO/-0.55 \u00b10.04 kg; p> 219 0.05) (Fig 5B).",
            "latex": null,
            "type": "figure"
        },
        "FIGREF8": {
            "text": "220 Exp. III: To examine the early events and the role of NGNA in nv-PEDV infection of 221 neonatal piglets, we used 2-day-old piglets challenged with nv-PEDV. After infection, the piglets 222 were fed sows' milk and skim milk every 4 hours for 24 hours; this was then replaced by Ringer's 223 lactate solution supplemented with 5% glucose, and the piglets were sacrificed at 24, 48 and 72 224 hpi. The results (",
            "latex": null,
            "type": "figure"
        },
        "FIGREF10": {
            "text": "KO= CMAH gene knockout by gene editing; WT= wild-type piglets. gene editing is widely used in both basic and applied studies, e.g., in studies of 293 the disease resistance of farm animals. One convincing report showed that CD163 gene-edited pigs 30-32]. However, other attempts, including CD169 KO and CD163 KO, failed to produce 297 evident resistance to PRRSV [33] or African swine fever [34], respectively. These failures may 298 have occurred because the mechanism of viral infection involves other receptors or because it does 299 not involve receptors [35].",
            "latex": null,
            "type": "figure"
        },
        "FIGREF11": {
            "text": "We have established TALEN [26] and CRISPR/Cas9 [27, 28] gene editing techniques in 301 which the editing plasmid vector is directly microinjected into the pronucleus of newly fertilized 302 eggs and have used these techniques to generate GGTA1 mutant pigs for the study of303 xenotransplantation. In this study, two sgRNAs directed against exon II and intron 2 of the CMAH 304 gene, together with Cas9 mRNA, were microinjected into the cytoplasm near the pronucleus; the 305 microinjected eggs yielded 4 live pigs and one stillborn pig carrying a null function of the CMAH 306 gene. Since CRISPR/Cas9 vectors make construction of the knockout vector very convenient and 307 achieve very powerful mutation results, only 67 embryos were used for direct cytoplasmic 308 microinjection, and 5 mutants were successfully generated. The efficiency was 7.5% based on the 309 number of manipulated embryos and 83.3% based on the number of delivered piglets, all of which 310 were biallelic mutants (",
            "latex": null,
            "type": "figure"
        },
        "FIGREF12": {
            "text": "stage, the percentage of IF-positive cells was the only criterion used to determine the severity of 587 PEDV infection. However, in the middle to late stages of infection, the severity of PEDV infection 588 is better judged by the degree of villar atrophy because infected cells often defoliate from the 589 mucosa and IF may not reveal the PEDV-infected cells. Therefore, the lesions were scored from 1 590 to 5 as shown in Fig 8C; the scores combined the results of both IF staining and histopathological 591 inspection in an I/H score that was used in the final statistical analysis. Deng F, Ye G, Liu Q, Navid M, Zhong X, Li Y, et al. Identification and comparison of 642 receptor binding characteristics of the spike protein of two Porcine epidemic diarrhea virus 643 strains. Viruses. 2016;8: 55.",
            "latex": null,
            "type": "figure"
        },
        "TABREF0": {
            "text": "Generation of CMAH Knockout (KO) Pigs by Direct Microinjection of sgRNA/Cas 167 9 mRNA into the Cytoplasm of Pronuclear Newly Fertilized Porcine Eggs.",
            "latex": null,
            "type": "table"
        },
        "TABREF1": {
            "text": "Germline Transmission and Genotypes of F1 CMAH KO Piglets.",
            "latex": null,
            "type": "table"
        },
        "TABREF2": {
            "text": "Genotypes of the F1 CMAH KO Piglets Used for PEDV Challenge.Note: Genotypes: D indicates that the mutation occurred at two sites simultaneously and resulted in a 161-bp deletion, whereas M is site I-mutated; D/D refers to the case in which the 161-bp deletion occurred on both chromosomes. The controls are wild-type piglets.",
            "latex": null,
            "type": "table"
        },
        "TABREF3": {
            "text": "Clinical Signs Displayed by Neonatal Piglets after nv-PEDV Inoculation in Exps. I and II.",
            "latex": null,
            "type": "table"
        },
        "TABREF4": {
            "text": "show that until 12 hpi both the CMAH KO and WT piglets appeared normally active; however, with respect to clinical signs, only 3/11 CMAH KO piglets did not show diarrhoea or vomiting at 12 hpi. From 4 to 24 hpi, all piglets were fed their own dams' whole or skim milk; the results show that all piglets displayed decreased activity and diarrhoea without a significant difference between CMAH KO and WT piglets. One moribund CMAH KO piglet was observed at 44 hpi, and one moribund WT piglet was observed at 56 hpi; all of the piglets stopped vomiting after 24 hpi. After the sow's milk was replaced with RLG, all piglets (both CMAH KO",
            "latex": null,
            "type": "table"
        },
        "TABREF5": {
            "text": "Clinical Signs Displayed by Neonatal Piglets after nv-PEDV Inoculation in Exp. III.",
            "latex": null,
            "type": "table"
        },
        "TABREF6": {
            "text": "Intensity of PEDV Infection of Epithelial Cells of Villi in CMAH KO Piglets'Intestines Revealed by Immunofluorescence Staining.",
            "latex": null,
            "type": "table"
        },
        "TABREF7": {
            "text": ". However, because the CRISPR/Cas9 vector might easily generate off-targeting mutants [23-25], we used two editing sites, simultaneously deleting a short DNA fragment and facilitating mutant screening by PCR. The results revealed that all the live founders carrying 161 bp deletion, especially L667-02, the sole male, was the biallelic D/D type. BurkardThe copyright holder for this preprint (which was not peer-reviewed) is the author/funder. It . https://doi.org/10.1101/488510 doi: bioRxiv preprint",
            "latex": null,
            "type": "table"
        },
        "TABREF8": {
            "text": "Primer Pairs Used To Construct sgRNA Expression Vectors.",
            "latex": null,
            "type": "table"
        }
    },
    "back_matter": [
        {
            "text": "After 72 hpi, all of the dead and euthanized piglets were necropsied, and their intestines",
            "cite_spans": [],
            "ref_spans": [],
            "section": "annex"
        }
    ]
}