{
    "paper_id": "8b88d01563538e4abd29c3ba493c534af30664cc",
    "metadata": {
        "title": "A mathematical model for simulating the transmission of Wuhan novel Coronavirus",
        "authors": [
            {
                "first": "Tianmu",
                "middle": [],
                "last": "Chen",
                "suffix": "",
                "affiliation": {
                    "laboratory": "State Key Laboratory of Molecular Vaccinology and Molecular Diagnostics",
                    "institution": "Xiamen University",
                    "location": {
                        "postCode": "361102",
                        "settlement": "Xiamen City",
                        "country": "People's Republic of China"
                    }
                },
                "email": ""
            },
            {
                "first": "Jia",
                "middle": [],
                "last": "Rui",
                "suffix": "",
                "affiliation": {
                    "laboratory": "State Key Laboratory of Molecular Vaccinology and Molecular Diagnostics",
                    "institution": "Xiamen University",
                    "location": {
                        "postCode": "361102",
                        "settlement": "Xiamen City",
                        "country": "People's Republic of China"
                    }
                },
                "email": ""
            },
            {
                "first": "Qiupeng",
                "middle": [],
                "last": "Wang",
                "suffix": "",
                "affiliation": {
                    "laboratory": "State Key Laboratory of Molecular Vaccinology and Molecular Diagnostics",
                    "institution": "Xiamen University",
                    "location": {
                        "postCode": "361102",
                        "settlement": "Xiamen City",
                        "country": "People's Republic of China"
                    }
                },
                "email": ""
            },
            {
                "first": "Zeyu",
                "middle": [],
                "last": "Zhao",
                "suffix": "",
                "affiliation": {
                    "laboratory": "State Key Laboratory of Molecular Vaccinology and Molecular Diagnostics",
                    "institution": "Xiamen University",
                    "location": {
                        "postCode": "361102",
                        "settlement": "Xiamen City",
                        "country": "People's Republic of China"
                    }
                },
                "email": ""
            },
            {
                "first": "Jing-An",
                "middle": [],
                "last": "Cui",
                "suffix": "",
                "affiliation": {
                    "laboratory": "State Key Laboratory of Molecular Vaccinology and Molecular Diagnostics",
                    "institution": "Beijing University of Civil",
                    "location": {
                        "postCode": "102616, 518055",
                        "settlement": "Beijing, Shenzhen City",
                        "country": "People's Republic of China, People's Republic of China"
                    }
                },
                "email": ""
            },
            {
                "first": "Ling",
                "middle": [],
                "last": "Yin",
                "suffix": "",
                "affiliation": {},
                "email": ""
            }
        ]
    },
    "abstract": [
        {
            "text": "bioRxiv preprint 2 this study, we developed a Bats-Hosts-Reservoir-People transmission network model for simulating the potential transmission from the infection source (probable be bats) to the human infection. Since the Bats-Hosts-Reservoir network was hard to explore clearly and public concerns were focusing on the transmission from a seafood market (reservoir) to people, we simplified the model as Reservoir-People transmission network model. The basic reproduction number (R 0 ) was calculated from the RP model to assess the transmissibility of the 2019-nCoV.",
            "cite_spans": [],
            "ref_spans": [],
            "section": "Abstract"
        }
    ],
    "body_text": [
        {
            "text": "On 31 December 2019, the World Health Organization (WHO) China Country Office was informed of cases of pneumonia of unknown etiology (unknown cause) detected in Wuhan City, Hubei Province of China, and WHO reported that a novel coronavirus (2019-nCoV) was identified as the causative virus by Chinese authorities on 7 January(1). Potential for international spread via commercial air travel had been assessed (2) . Public health concerns have been paid globally on how many people had been infected actually.",
            "cite_spans": [
                {
                    "start": 409,
                    "end": 412,
                    "text": "(2)",
                    "ref_id": "BIBREF1"
                }
            ],
            "ref_spans": [],
            "section": "Introduction"
        },
        {
            "text": "In this study, we developed a Bats-Hosts-Reservoir-People (BHRP) transmission network model for simulating the potential transmission from the infection source (probable be bats) to the human infection.",
            "cite_spans": [],
            "ref_spans": [],
            "section": "Introduction"
        },
        {
            "text": "Since the Bats-Hosts-Reservoir network was hard to explore clearly and public concerns were focusing on the transmission from a seafood market (reservoir) to people, we simplified the model as Reservoir-People (RP) transmission network model. The basic reproduction number (R 0 ) was calculated from the RP model to assess the transmissibility of the 2019-nCoV. ",
            "cite_spans": [],
            "ref_spans": [],
            "section": "Introduction"
        },
        {
            "text": "We assumed that the virus transmitted among the bats population, and then transmitted to an unknown host (probably be wild animals). The hosts were hunted and sent to the seafood market which was defined as the reservoir or the virus. People exposed to the market got the risks of the infection (Figure 1 ). c) The 2019-nCoV in reservoir (the seafood market) was denoted as W. We assumed that the retail purchases rate of the hosts in the market was a, and that the prevalence of 2019-nCoV in the purchases was I H /N H , therefore, the rate of the 2019-nCoV in W imported form the hosts was aWI H /N H where N H was the total number of hosts. We also assumed that symptomatic infected people and asymptomatic infected people could export the virus into W with the rate of \u03bc P and \u03bc' P , although this assumption might occur in a low probability. The virus in W will subsequently leave the W compartment at a rate of \u03b5W, where 1/\u03b5 is the lifetime of the virus.",
            "cite_spans": [],
            "ref_spans": [
                {
                    "start": 295,
                    "end": 304,
                    "text": "(Figure 1",
                    "ref_id": "FIGREF0"
                }
            ],
            "section": "The Bats-Hosts-Reservoir-People transmission network model"
        },
        {
            "text": "d) The people were divided into five departments: susceptible people (S P ), exposed people (E P ), symptomatic infected people (I P ), asymptomatic infected people (A P ), and removed people (R P ) including recovered and death people. The birth rate and death rate of people were defined as n P and m P . In this model, we set \u0245 P = n P \uf0b4 N P where N P refer to the total number of people. The incubation period and latent period of human infection was defined as 1/\uf077 P and 1/\uf077' P . The infectious period of I P and A P was defined as 1/\u03b3 P and 1/\u03b3' P . The proportion of asymptomatic infection was defined as \u03b4 P . The S P will be infected through sufficient contact with W and I P , and the transmission rates were defined as \u03b2 W and \u03b2 P , respectively.",
            "cite_spans": [],
            "ref_spans": [],
            "section": "The Bats-Hosts-Reservoir-People transmission network model"
        },
        {
            "text": "We also assumed that the transmissibility of A P was \uf06b times that of I P , where 0 \uf0a3 \uf06b \uf0a3 1. The parameters of the BHRP model were shown in Table 1 . The copyright holder for this preprint (which was not peer-reviewed) is the . https://doi.org/10.1101/2020.01.19.911669 doi: bioRxiv preprint 7 \uf06b The multiple of the transmissibility of A P to that of I P .",
            "cite_spans": [],
            "ref_spans": [
                {
                    "start": 139,
                    "end": 146,
                    "text": "Table 1",
                    "ref_id": "TABREF1"
                }
            ],
            "section": "The Bats-Hosts-Reservoir-People transmission network model"
        },
        {
            "text": "Based on the information we known, we assumed that the 2019-nCoV might be imported to the seafood market in a short time. Therefore, we added the further assumptions as follows:",
            "cite_spans": [],
            "ref_spans": [],
            "section": "The simplified Reservoir-People transmission network model"
        },
        {
            "text": "a) The transmission network of Bats-Host was ignored. b) Based on our previous studies on simulating importation (3, 4) , we set the initial value of W as following impulse function:",
            "cite_spans": [],
            "ref_spans": [
                {
                    "start": 113,
                    "end": 119,
                    "text": "(3, 4)",
                    "ref_id": null
                }
            ],
            "section": "The simplified Reservoir-People transmission network model"
        },
        {
            "text": "In the function, n, t 0 and t i refer to imported volume of the 2019-nCoV to the market, start time of the simulation, and the interval of the importation.",
            "cite_spans": [],
            "ref_spans": [],
            "section": "The simplified Reservoir-People transmission network model"
        },
        {
            "text": "Therefore, the BHRP model was simplified as RP model and is shown as follows: The copyright holder for this preprint (which was not peer-reviewed) is the . https://doi.org/10.1101/2020.01.19.911669 doi: bioRxiv preprint 8 Therefore, n P and m P refer to the rate of people traveling into Wuhan City and traveling out from Wuhan City, respectively.",
            "cite_spans": [],
            "ref_spans": [],
            "section": "The simplified Reservoir-People transmission network model"
        },
        {
            "text": "In this study, we used the basic reproduction number (R 0 ) to assess the transmissibility of the 2019-nCoV. Commonly, R 0 was defined as the expected number of secondary infections that result from introducing a single infected individual into an otherwise susceptible population(3). If R 0 > 1, the outbreak will occur. If R 0 < 1, the outbreak will go to an end.",
            "cite_spans": [],
            "ref_spans": [],
            "section": "The transmissibility of the 2019-nCoV based on the RP model"
        },
        {
            "text": "Based on the equations of RP model, we can get the disease free equilibrium point as: Interest of Conflicts: None.",
            "cite_spans": [],
            "ref_spans": [],
            "section": "The transmissibility of the 2019-nCoV based on the RP model"
        }
    ],
    "bib_entries": {
        "BIBREF1": {
            "ref_id": "b1",
            "title": "Pneumonia of Unknown Etiology in Wuhan, China: Potential for International Spread Via Commercial Air Travel",
            "authors": [
                {
                    "first": "I",
                    "middle": [
                        "I"
                    ],
                    "last": "Bogoch",
                    "suffix": ""
                },
                {
                    "first": "A",
                    "middle": [],
                    "last": "Watts",
                    "suffix": ""
                },
                {
                    "first": "A",
                    "middle": [],
                    "last": "Thomas-Bachli",
                    "suffix": ""
                },
                {
                    "first": "C",
                    "middle": [],
                    "last": "Huber",
                    "suffix": ""
                },
                {
                    "first": "M",
                    "middle": [
                        "U G"
                    ],
                    "last": "Kraemer",
                    "suffix": ""
                },
                {
                    "first": "K",
                    "middle": [],
                    "last": "Khan",
                    "suffix": ""
                }
            ],
            "year": 2020,
            "venue": "Journal of travel medicine",
            "volume": "",
            "issn": "",
            "pages": "",
            "other_ids": {}
        },
        "BIBREF2": {
            "ref_id": "b2",
            "title": "Risk of imported Ebola virus disease in China",
            "authors": [
                {
                    "first": "T",
                    "middle": [],
                    "last": "Chen",
                    "suffix": ""
                },
                {
                    "first": "R",
                    "middle": [],
                    "last": "Ka",
                    "suffix": ""
                },
                {
                    "first": "-Kit",
                    "middle": [],
                    "last": "Leung",
                    "suffix": ""
                },
                {
                    "first": "R",
                    "middle": [],
                    "last": "Liu",
                    "suffix": ""
                },
                {
                    "first": "F",
                    "middle": [],
                    "last": "Chen",
                    "suffix": ""
                },
                {
                    "first": "X",
                    "middle": [],
                    "last": "Zhang",
                    "suffix": ""
                },
                {
                    "first": "J",
                    "middle": [],
                    "last": "Zhao",
                    "suffix": ""
                },
                {
                    "first": "S",
                    "middle": [],
                    "last": "Chen",
                    "suffix": ""
                }
            ],
            "year": 2014,
            "venue": "Travel medicine and infectious disease",
            "volume": "12",
            "issn": "",
            "pages": "650--658",
            "other_ids": {}
        },
        "BIBREF3": {
            "ref_id": "b3",
            "title": "Incidence dynamics and investigation of key interventions in a dengue outbreak in Ningbo City",
            "authors": [
                {
                    "first": "B",
                    "middle": [],
                    "last": "Yi",
                    "suffix": ""
                },
                {
                    "first": "Y",
                    "middle": [],
                    "last": "Chen",
                    "suffix": ""
                },
                {
                    "first": "X",
                    "middle": [],
                    "last": "Ma",
                    "suffix": ""
                },
                {
                    "first": "J",
                    "middle": [],
                    "last": "Rui",
                    "suffix": ""
                },
                {
                    "first": "J",
                    "middle": [
                        "A"
                    ],
                    "last": "Cui",
                    "suffix": ""
                },
                {
                    "first": "H",
                    "middle": [],
                    "last": "Wang",
                    "suffix": ""
                },
                {
                    "first": "J",
                    "middle": [],
                    "last": "Li",
                    "suffix": ""
                },
                {
                    "first": "S",
                    "middle": [
                        "F"
                    ],
                    "last": "Chan",
                    "suffix": ""
                },
                {
                    "first": "R",
                    "middle": [],
                    "last": "Wang",
                    "suffix": ""
                },
                {
                    "first": "K",
                    "middle": [],
                    "last": "Ding",
                    "suffix": ""
                },
                {
                    "first": "L",
                    "middle": [],
                    "last": "Xie",
                    "suffix": ""
                },
                {
                    "first": "D",
                    "middle": [],
                    "last": "Zhang",
                    "suffix": ""
                },
                {
                    "first": "S",
                    "middle": [],
                    "last": "Jiao",
                    "suffix": ""
                },
                {
                    "first": "X",
                    "middle": [],
                    "last": "Lao",
                    "suffix": ""
                },
                {
                    "first": "Y",
                    "middle": [
                        "C"
                    ],
                    "last": "Chiang",
                    "suffix": ""
                },
                {
                    "first": "Y",
                    "middle": [],
                    "last": "Su",
                    "suffix": ""
                },
                {
                    "first": "B",
                    "middle": [],
                    "last": "Zhao",
                    "suffix": ""
                },
                {
                    "first": "G",
                    "middle": [],
                    "last": "Xu",
                    "suffix": ""
                },
                {
                    "first": "T",
                    "middle": [],
                    "last": "Chen",
                    "suffix": ""
                }
            ],
            "year": 2019,
            "venue": "China. PLoS neglected tropical diseases",
            "volume": "13",
            "issn": "",
            "pages": "",
            "other_ids": {}
        },
        "BIBREF4": {
            "ref_id": "b4",
            "title": "Global dynamics of an epidemiological model with acute and chronic HCV infections",
            "authors": [
                {
                    "first": "J.-A",
                    "middle": [],
                    "last": "Cui",
                    "suffix": ""
                },
                {
                    "first": "S",
                    "middle": [],
                    "last": "Zhao",
                    "suffix": ""
                },
                {
                    "first": "S",
                    "middle": [],
                    "last": "Guo",
                    "suffix": ""
                },
                {
                    "first": "Y",
                    "middle": [],
                    "last": "Bai",
                    "suffix": ""
                },
                {
                    "first": "X",
                    "middle": [],
                    "last": "Wang",
                    "suffix": ""
                },
                {
                    "first": "T",
                    "middle": [],
                    "last": "Chen",
                    "suffix": ""
                }
            ],
            "year": null,
            "venue": "Applied Mathematics Letters",
            "volume": "103",
            "issn": "",
            "pages": "",
            "other_ids": {
                "DOI": [
                    "106203(2020)10.1016/j.aml.2019.106203"
                ]
            }
        },
        "BIBREF5": {
            "ref_id": "b5",
            "title": "International license author/funder. It is made available under a The copyright holder for this preprint (which was not peer-reviewed) is the",
            "authors": [
                {
                    "first": "",
                    "middle": [],
                    "last": "Cc-By-Nc-Nd",
                    "suffix": ""
                }
            ],
            "year": null,
            "venue": "",
            "volume": "",
            "issn": "",
            "pages": "",
            "other_ids": {
                "DOI": [
                    "10.1101/2020.01.19.911669"
                ]
            }
        }
    },
    "ref_entries": {
        "FIGREF0": {
            "text": "Flowchart of the Bats-Hosts-Reservoir-People transmission network model. The BHRP transmission network model was based on the following assumptions or facts: a) The bats were divided into four departments: susceptible bats (S B ), exposed bats (E B ), infected bats (I B ), and removed bats (R B ). The birth rate and death rate of bats were defined as n B and m B . In this model, we set \u0245 B = n B \uf0b4 N B where N B refer to the total number of bats. The incubation period of bat infection was defined as 1/\uf077 B and the infectious period of bat infection was defined as 1/\u03b3 B . The S B will be infected through sufficient contact with I B , and the transmission rate was defined as \u03b2 B .",
            "latex": null,
            "type": "figure"
        },
        "FIGREF1": {
            "text": "hosts were divided into four departments: susceptible hosts (S H ), exposed hosts (E H ), infected hosts (I H ), and removed hosts (R H ). The birth rate and death rate of hosts were defined as n H and m H . In this model, we set \u0245 H = n H \uf0b4 N H where N H refer to the total number of hosts. The incubation period of host infection was defined as 1/\uf077 H and the infectious period of host infection was defined as 1/\u03b3 H . The S H will be infected through sufficient contact with I B and I H , and the transmission rates were defined as \u03b2 BH and \u03b2 H , respectively.",
            "latex": null,
            "type": "figure"
        },
        "FIGREF3": {
            "text": "During the outbreak period, the natural birth rate and death rate in the population was in a relative low level. However, people would commonly travel into and out from Wuhan City due to the Chinese New Year.",
            "latex": null,
            "type": "figure"
        },
        "FIGREF4": {
            "text": "By the next generation matrix approach(5), we can get the next generation matrix and R Methodology, Formal analysis, Writing -original draft, review & editing. Jia Rui: Methodology, Formal analysis. Zeyu Zhao: Formal analysis. Qiupeng Wang: Formal analysis. Jing-An Cui: Methodology. Ling Yin: Methodology.",
            "latex": null,
            "type": "figure"
        },
        "TABREF1": {
            "text": "Definition of those parameters in the BHRP model",
            "latex": null,
            "type": "table"
        }
    },
    "back_matter": [
        {
            "text": "None.",
            "cite_spans": [],
            "ref_spans": [],
            "section": "Acknowledgments:"
        }
    ]
}