{
    "paper_id": "a33f451d8e2caff57c1133f14198454a64993c47",
    "metadata": {
        "title": "Monoclonal antibodies for the S2 subunit of spike of SARS-CoV cross-react with the newly-emerged SARS-CoV-2",
        "authors": [
            {
                "first": "Zhiqiang",
                "middle": [],
                "last": "Zheng",
                "suffix": "",
                "affiliation": {
                    "laboratory": "",
                    "institution": "National University of Singapore",
                    "location": {}
                },
                "email": ""
            },
            {
                "first": "Vanessa",
                "middle": [
                    "M"
                ],
                "last": "Monteil",
                "suffix": "",
                "affiliation": {
                    "laboratory": "",
                    "institution": "Karolinska Institute",
                    "location": {
                        "country": "Sweden"
                    }
                },
                "email": ""
            },
            {
                "first": "Sebastian",
                "middle": [],
                "last": "Maurer-Stroh",
                "suffix": "",
                "affiliation": {
                    "laboratory": "",
                    "institution": "Bioinformatics Institute (BII)",
                    "location": {
                        "country": "Singapore"
                    }
                },
                "email": ""
            },
            {
                "first": "Wenn",
                "middle": [],
                "last": "Chow",
                "suffix": "",
                "affiliation": {},
                "email": ""
            },
            {
                "first": "",
                "middle": [],
                "last": "Yew",
                "suffix": "",
                "affiliation": {},
                "email": ""
            },
            {
                "first": "Carol",
                "middle": [],
                "last": "Leong",
                "suffix": "",
                "affiliation": {},
                "email": ""
            },
            {
                "first": "Nur",
                "middle": [],
                "last": "Khairiah Mohd-Ismail",
                "suffix": "",
                "affiliation": {
                    "laboratory": "",
                    "institution": "National University of Singapore",
                    "location": {}
                },
                "email": ""
            },
            {
                "first": "Suganya",
                "middle": [],
                "last": "Cheyyatraivendran Arularasu",
                "suffix": "",
                "affiliation": {
                    "laboratory": "",
                    "institution": "National University of Singapore",
                    "location": {}
                },
                "email": ""
            },
            {
                "first": "Vincent",
                "middle": [],
                "last": "Tak",
                "suffix": "",
                "affiliation": {},
                "email": ""
            },
            {
                "first": "Kwong",
                "middle": [],
                "last": "Chow",
                "suffix": "",
                "affiliation": {
                    "laboratory": "",
                    "institution": "National University of Singapore",
                    "location": {}
                },
                "email": ""
            },
            {
                "first": "Raymond",
                "middle": [],
                "last": "Lin",
                "suffix": "",
                "affiliation": {},
                "email": ""
            },
            {
                "first": "Tzer",
                "middle": [],
                "last": "Pin",
                "suffix": "",
                "affiliation": {
                    "laboratory": "",
                    "institution": "National University of Singapore",
                    "location": {}
                },
                "email": ""
            },
            {
                "first": "Ali",
                "middle": [],
                "last": "Mirazimi",
                "suffix": "",
                "affiliation": {
                    "laboratory": "",
                    "institution": "Karolinska Institute",
                    "location": {
                        "country": "Sweden"
                    }
                },
                "email": ""
            },
            {
                "first": "Wanjin",
                "middle": [],
                "last": "Hong",
                "suffix": "",
                "affiliation": {},
                "email": ""
            },
            {
                "first": "Yee-Joo",
                "middle": [],
                "last": "Tan",
                "suffix": "",
                "affiliation": {
                    "laboratory": "",
                    "institution": "National University of Singapore",
                    "location": {}
                },
                "email": ""
            }
        ]
    },
    "abstract": [
        {
            "text": "1",
            "cite_spans": [],
            "ref_spans": [],
            "section": "Abstract"
        }
    ],
    "body_text": [
        {
            "text": "Thermo Scientific) supplemented with 10% foetal bovine serum (FBS; HyClone) and 6 8 penicillin-streptomycin solution (Thermo Fisher Scientific). Cells were maintained at 6 9 37 \u00b0C with 5% CO 2 .",
            "cite_spans": [
                {
                    "start": 80,
                    "end": 83,
                    "text": "6 8",
                    "ref_id": null
                },
                {
                    "start": 170,
                    "end": 173,
                    "text": "6 9",
                    "ref_id": null
                }
            ],
            "ref_spans": [],
            "section": ""
        },
        {
            "text": "Purification of antibody 7 1 The hybridoma for mAb 1A9 was previously generated [19] . All mAbs were purified 7 2 from cell culture supernatant using a HiTrap protein G HP affinity column (GE 7 3 Healthcare) and stored at -80 \u00b0C. The purity of the mAb was confirmed by sodium 7 4 dodecyl sulphate-polyacrylamide gel electrophoretic (SDS-PAGE) analysis. The 7 5 concentration of the purified mAb was determined using the Coomassie Plus protein 7 6 assay reagent (Thermo Scientific). 7 7 Transient transfection and western blot analysis 7 8 COS-7 cells were seeded onto 6-well plates 24 hours prior to the transient transfection 7 9 using Lipofectamine 2000 reagent (Thermo Scientific) according to the manufacturer's 8 0 protocol. SARS-CoV-2 S-expressing plasmids were codon-optimized and generated by 8 1 gene synthesis (Bio Basic Asia Pacific) according to GenBank accession QHD43416.1. 8 2 One plasmid is for expressing full-length S while the other is for expressing a fragment 8 3 consisting of residues 1048-1206. At 48 hours post-transfection, cells were harvested, 8 4 spun down by centrifugation and washed with cold PBS twice. Cells were then 8 5 resuspended in RIPA buffer [50 mM Tris-HCl (pH 8.0), 150 mM NaCl, 0.5% NP40, 0.5% 8 6 deoxycholic acid, 0.005% SDS and 1 mM phenylmethylsulfonyl fluoride] and subjected 8 7 to five freeze-thaw cycles. Clarified supernatant containing the protein of interest was 8 8 obtained by spinning down the cell lysate at 13,000 rpm at 4 \u00b0C to remove the cell debris 8 9 author/funder. All rights reserved. No reuse allowed without permission.",
            "cite_spans": [
                {
                    "start": 25,
                    "end": 28,
                    "text": "7 1",
                    "ref_id": null
                },
                {
                    "start": 80,
                    "end": 84,
                    "text": "[19]",
                    "ref_id": "BIBREF18"
                },
                {
                    "start": 110,
                    "end": 113,
                    "text": "7 2",
                    "ref_id": null
                },
                {
                    "start": 192,
                    "end": 195,
                    "text": "7 3",
                    "ref_id": null
                },
                {
                    "start": 276,
                    "end": 279,
                    "text": "7 4",
                    "ref_id": null
                },
                {
                    "start": 357,
                    "end": 360,
                    "text": "7 5",
                    "ref_id": null
                },
                {
                    "start": 443,
                    "end": 446,
                    "text": "7 6",
                    "ref_id": null
                },
                {
                    "start": 482,
                    "end": 485,
                    "text": "7 7",
                    "ref_id": null
                },
                {
                    "start": 535,
                    "end": 538,
                    "text": "7 8",
                    "ref_id": null
                },
                {
                    "start": 627,
                    "end": 630,
                    "text": "7 9",
                    "ref_id": null
                },
                {
                    "start": 716,
                    "end": 719,
                    "text": "8 0",
                    "ref_id": null
                },
                {
                    "start": 801,
                    "end": 804,
                    "text": "8 1",
                    "ref_id": null
                },
                {
                    "start": 888,
                    "end": 891,
                    "text": "8 2",
                    "ref_id": null
                },
                {
                    "start": 981,
                    "end": 984,
                    "text": "8 3",
                    "ref_id": null
                },
                {
                    "start": 1072,
                    "end": 1075,
                    "text": "8 4",
                    "ref_id": null
                },
                {
                    "start": 1152,
                    "end": 1155,
                    "text": "8 5",
                    "ref_id": null
                },
                {
                    "start": 1238,
                    "end": 1241,
                    "text": "8 6",
                    "ref_id": null
                },
                {
                    "start": 1325,
                    "end": 1328,
                    "text": "8 7",
                    "ref_id": null
                },
                {
                    "start": 1418,
                    "end": 1421,
                    "text": "8 8",
                    "ref_id": null
                },
                {
                    "start": 1512,
                    "end": 1515,
                    "text": "8 9",
                    "ref_id": null
                }
            ],
            "ref_spans": [],
            "section": "0"
        },
        {
            "text": "The copyright holder for this preprint (which was not peer-reviewed) is the . https://doi.org/10.1101/2020.03.06.980037 doi: bioRxiv preprint and further analyzed by Western blot (WB) analysis. 20 \u03bc g of total cell lysates were 9 0 resolved using electrophoresis on SDS-PAGE gels and transferred onto nitrocellulose 9 1 membrane (Bio-Rad). The membrane was blocked in 5% skimmed milk in Tris-buffered 9 2 saline with 0.05% Tween 20 (TBST) for 1 hour at room temperature and incubated with 9 3 primary antibodies at 4 \u00b0C overnight. After the membrane was washed with TBST, it was 9 4 incubated with a HRP-conjugated secondary antibody (Thermo Scientific) at room 9 5 temperature for 1 hour. The membrane was then washed with TBST again and detected 9 6 with enhanced chemiluminescence substrate (Thermo Scientific). 9 7 Transient transfection and immunofluorescence analysis 9 8 For immunofluorescence (IF) analysis, COS-7 cells on glass coverslips were transfected 9 9 as above and fixed at 24 hours post-transfection in 4% paraformaldehyde for 10 min at iPC objective lens and Olympus DP27 colour camera with Olympus cellSens software. Each channel was collected separately, with images at 1024 x 1024 pixels. Virus infection and IF 1 1 0 author/funder. All rights reserved. No reuse allowed without permission.",
            "cite_spans": [
                {
                    "start": 316,
                    "end": 319,
                    "text": "9 1",
                    "ref_id": null
                },
                {
                    "start": 401,
                    "end": 404,
                    "text": "9 2",
                    "ref_id": null
                },
                {
                    "start": 489,
                    "end": 492,
                    "text": "9 3",
                    "ref_id": null
                },
                {
                    "start": 579,
                    "end": 582,
                    "text": "9 4",
                    "ref_id": null
                },
                {
                    "start": 662,
                    "end": 665,
                    "text": "9 5",
                    "ref_id": null
                },
                {
                    "start": 748,
                    "end": 751,
                    "text": "9 6",
                    "ref_id": null
                },
                {
                    "start": 815,
                    "end": 818,
                    "text": "9 7",
                    "ref_id": null
                },
                {
                    "start": 874,
                    "end": 877,
                    "text": "9 8",
                    "ref_id": null
                },
                {
                    "start": 965,
                    "end": 968,
                    "text": "9 9",
                    "ref_id": null
                },
                {
                    "start": 1234,
                    "end": 1235,
                    "text": "1",
                    "ref_id": "BIBREF0"
                }
            ],
            "ref_spans": [],
            "section": "0"
        },
        {
            "text": "The copyright holder for this preprint (which was not peer-reviewed) is the . https://doi.org/10.1101/2020.03.06.980037 doi: bioRxiv preprint All works with live virus has been performed in the BSL3 facility at the Public Health",
            "cite_spans": [],
            "ref_spans": [],
            "section": "0"
        },
        {
            "text": "Agency of Sweden. Vero-E6 cells were infected with SARS-CoV-2 (SARS-CoV-2-",
            "cite_spans": [],
            "ref_spans": [],
            "section": "0"
        },
        {
            "text": "Iso/01/human/2020/SWE, GenBank accession no. MT093571) at a multiplicity of were fixed with chilled methanol/acetone and the cells were kept in -20\u00b0C overnight. Cells were then stained using mAb 1A9 at 5\u00b5g/ml at 37\u00b0C for 30 minutes in Fluor 488-conjugated goat anti-mouse IgG antibody (Thermo Fisher) containing DAPI in Bioinformatics analysis 1 2 2 Spike glycoprotein reference protein sequences for SARS-CoV, SARS-CoV-2, HKU1 were downloaded from NCBI (GenBank accessions in alignment in Figure 1A) . A 1 2 5 multiple sequence alignment was created with MAFFT using the slow but accurate L- INS-I parameter settings [21] and the alignment curated, cut to the target region 1029- 1192 (SARS-CoV numbering) and visualized with Jalview [22] . We used Mega X [23] to 1 2 8 calculate the number of amino acid differences for all sequence pairs in the alignment of the mAb target region ( Figure 1B ) and the full S protein ( Figure 1C ) normalized by the The copyright holder for this preprint (which was not peer-reviewed) is the . https://doi.org/10.1101/2020.03.06.980037 doi: bioRxiv preprint",
            "cite_spans": [
                {
                    "start": 344,
                    "end": 349,
                    "text": "1 2 2",
                    "ref_id": null
                },
                {
                    "start": 618,
                    "end": 622,
                    "text": "[21]",
                    "ref_id": "BIBREF20"
                },
                {
                    "start": 735,
                    "end": 739,
                    "text": "[22]",
                    "ref_id": "BIBREF21"
                },
                {
                    "start": 765,
                    "end": 770,
                    "text": "1 2 8",
                    "ref_id": null
                }
            ],
            "ref_spans": [
                {
                    "start": 490,
                    "end": 500,
                    "text": "Figure 1A)",
                    "ref_id": null
                },
                {
                    "start": 885,
                    "end": 894,
                    "text": "Figure 1B",
                    "ref_id": null
                },
                {
                    "start": 922,
                    "end": 931,
                    "text": "Figure 1C",
                    "ref_id": null
                }
            ],
            "section": "0"
        },
        {
            "text": "To determine within-outbreak sequence diversity in the spike glycoprotein, 230 human mutations were counted and tabulated using a custom Perl script (Supplementary Table 2 ). 1 4 4 By using five different fragments of SARS-CoV S to immunize rabbits, a fragment 1 4 5 corresponding to residues 1029 to 1192 was found to stimulate neutralizing antibodies 1 4 6 against SARS-CoV [24] . Interestingly, sequence alignment shows that this domain, 1 4 7 which encompasses the heptad repeat (HR) 2 but not HR1, is highly conserved in SARS- 1 4 8 CoV-2 ( Figure 1A ). When compared with additional reference sequences from bat 1 4 9 RaTG13 (closest bat precursor), MERS and human common cold coronaviruses 229E,",
            "cite_spans": [
                {
                    "start": 175,
                    "end": 180,
                    "text": "1 4 4",
                    "ref_id": null
                },
                {
                    "start": 261,
                    "end": 266,
                    "text": "1 4 5",
                    "ref_id": null
                },
                {
                    "start": 353,
                    "end": 358,
                    "text": "1 4 6",
                    "ref_id": null
                },
                {
                    "start": 376,
                    "end": 380,
                    "text": "[24]",
                    "ref_id": "BIBREF23"
                },
                {
                    "start": 441,
                    "end": 446,
                    "text": "1 4 7",
                    "ref_id": null
                },
                {
                    "start": 532,
                    "end": 537,
                    "text": "1 4 8",
                    "ref_id": null
                },
                {
                    "start": 618,
                    "end": 623,
                    "text": "1 4 9",
                    "ref_id": null
                }
            ],
            "ref_spans": [
                {
                    "start": 164,
                    "end": 171,
                    "text": "Table 2",
                    "ref_id": null
                },
                {
                    "start": 546,
                    "end": 555,
                    "text": "Figure 1A",
                    "ref_id": null
                }
            ],
            "section": "0"
        },
        {
            "text": "1 4 3",
            "cite_spans": [],
            "ref_spans": [],
            "section": "An immunogenic domain in the S2 subunit of SARS-CoV is highly conserved in SARS-"
        },
        {
            "text": "NL63, OC43 and HKU1 ( Figure 1A) , it becomes apparent that the amino acid identity between SARS-CoV-2 and SARS-CoV is much higher in this region (93%, Figure 1B than over the full protein length (78%, Figure 1C ) and the similarity drops sharply (<40% 1 5 3 author/funder. All rights reserved. No reuse allowed without permission.",
            "cite_spans": [],
            "ref_spans": [
                {
                    "start": 22,
                    "end": 32,
                    "text": "Figure 1A)",
                    "ref_id": null
                },
                {
                    "start": 152,
                    "end": 161,
                    "text": "Figure 1B",
                    "ref_id": null
                },
                {
                    "start": 202,
                    "end": 211,
                    "text": "Figure 1C",
                    "ref_id": null
                }
            ],
            "section": "CoV-2 but not in endemic coronaviruses"
        },
        {
            "text": "The copyright holder for this preprint (which was not peer-reviewed) is the . https://doi.org/10.1101/2020.03.06.980037 doi: bioRxiv preprint in this region) when considering MERS and the other coronaviruses infecting humans 1 0 1 7 6 Next, the full-length S protein of SARS-CoV-2 was overexpressed in COS-7 cells and 1 7 7 probed with each of the mAbs. As shown in Figure 3 , all 4 mAbs bound to the full-length 1 7 8 S protein of SARS-CoV-2. 1 8 1 Since mAb 1A9 was previously shown to have broad cross-reactivity to civet SARS-CoV and bat SL-CoV strains [20] , it was tested on SARS-CoV-2-infected Vero-E6 cells. As shown in Figure 4 , mAb 1A9 stained a significant number of SARS-CoV-2-infected cells Numerous mAbs against the S protein of SARS-CoV have been generated for research 1 8 9 and diagnostic assay development. Some of these may be able to cross-react with the S 1 9 0 protein of SARS-CoV-2 and serve as tools to aid research on this newly emerged virus. 1 1 useful for studying the kinetics of SARS-CoV-2 replication in vitro and development of 1 9 8 diagnostic assays for COVID-19. It is noteworthy that cytotoxic T-lymphocyte (CTL) 1 9 9 epitopes also reside at residues 884-891 and 1116-1123 within the S2 subunit of SARS-",
            "cite_spans": [
                {
                    "start": 229,
                    "end": 234,
                    "text": "1 7 6",
                    "ref_id": null
                },
                {
                    "start": 318,
                    "end": 323,
                    "text": "1 7 7",
                    "ref_id": null
                },
                {
                    "start": 413,
                    "end": 418,
                    "text": "1 7 8",
                    "ref_id": null
                },
                {
                    "start": 444,
                    "end": 449,
                    "text": "1 8 1",
                    "ref_id": null
                },
                {
                    "start": 557,
                    "end": 561,
                    "text": "[20]",
                    "ref_id": "BIBREF19"
                },
                {
                    "start": 786,
                    "end": 791,
                    "text": "1 8 9",
                    "ref_id": null
                },
                {
                    "start": 970,
                    "end": 973,
                    "text": "1 1",
                    "ref_id": null
                },
                {
                    "start": 1061,
                    "end": 1066,
                    "text": "1 9 8",
                    "ref_id": null
                },
                {
                    "start": 1150,
                    "end": 1155,
                    "text": "1 9 9",
                    "ref_id": null
                }
            ],
            "ref_spans": [
                {
                    "start": 366,
                    "end": 374,
                    "text": "Figure 3",
                    "ref_id": "FIGREF34"
                },
                {
                    "start": 628,
                    "end": 636,
                    "text": "Figure 4",
                    "ref_id": "FIGREF36"
                }
            ],
            "section": "CoV-2 but not in endemic coronaviruses"
        },
        {
            "text": "CoV [26] . Interestingly, the latter CTL epitope overlaps with the epitope recognized by 2 0 1 mAb 1A9 [20] . Hence, the S2 subunit may serve as an important antigen for inducing 2 0 2 both humoral as well as cell-mediated immunity against SARS-CoV and SARS-CoV-2. ACE2 as a receptor for viral entry [3, 10] , several SARS-CoV RBD-directed mAbs did 2 0 6 not cross-react with SARS-CoV-2 RBD [27, 28] . Interestingly, CR3022, which was 2 0 7 isolated from a SARS convalescent patient, showed cross-reactivity to SARS-CoV-2 2 0 8 RBD and recognizes an epitope that does not overlap with the ACE2 binding site [28] . To CoV [29] [30] [31] . Thus, it will be important to determine if these mAbs can also cross-react with SARS-CoV-2. Immunofluorescence analysis using the indicated primary antibodies followed by Alexa Fluor 488-conjugated secondary antibody. Nuclei were counterstained with DAPI (blue). Scale bar = 50\u00b5m. author/funder. All rights reserved. No reuse allowed without permission.",
            "cite_spans": [
                {
                    "start": 4,
                    "end": 8,
                    "text": "[26]",
                    "ref_id": "BIBREF25"
                },
                {
                    "start": 103,
                    "end": 107,
                    "text": "[20]",
                    "ref_id": "BIBREF19"
                },
                {
                    "start": 300,
                    "end": 303,
                    "text": "[3,",
                    "ref_id": "BIBREF2"
                },
                {
                    "start": 304,
                    "end": 307,
                    "text": "10]",
                    "ref_id": "BIBREF9"
                },
                {
                    "start": 391,
                    "end": 395,
                    "text": "[27,",
                    "ref_id": "BIBREF26"
                },
                {
                    "start": 396,
                    "end": 399,
                    "text": "28]",
                    "ref_id": "BIBREF27"
                },
                {
                    "start": 607,
                    "end": 611,
                    "text": "[28]",
                    "ref_id": "BIBREF27"
                },
                {
                    "start": 621,
                    "end": 625,
                    "text": "[29]",
                    "ref_id": "BIBREF28"
                },
                {
                    "start": 626,
                    "end": 630,
                    "text": "[30]",
                    "ref_id": "BIBREF29"
                },
                {
                    "start": 631,
                    "end": 635,
                    "text": "[31]",
                    "ref_id": "BIBREF30"
                }
            ],
            "ref_spans": [],
            "section": "Mab1A9 binds to S expressed in SARS-CoV-2-infected cells"
        },
        {
            "text": "The copyright holder for this preprint (which was not peer-reviewed) is the . https://doi.org/10.1101/2020.03.06.980037 doi: bioRxiv preprint",
            "cite_spans": [],
            "ref_spans": [],
            "section": "Mab1A9 binds to S expressed in SARS-CoV-2-infected cells"
        }
    ],
    "bib_entries": {
        "BIBREF0": {
            "ref_id": "b0",
            "title": "Identification of a novel coronavirus in patients with severe acute respiratory syndrome",
            "authors": [
                {
                    "first": "C",
                    "middle": [],
                    "last": "Drosten",
                    "suffix": ""
                },
                {
                    "first": "S",
                    "middle": [],
                    "last": "Gunther",
                    "suffix": ""
                },
                {
                    "first": "W",
                    "middle": [],
                    "last": "Preiser",
                    "suffix": ""
                }
            ],
            "year": 2003,
            "venue": "N Engl J Med",
            "volume": "348",
            "issn": "20",
            "pages": "1967--76",
            "other_ids": {}
        },
        "BIBREF1": {
            "ref_id": "b1",
            "title": "A novel coronavirus associated with severe acute respiratory syndrome",
            "authors": [
                {
                    "first": "T",
                    "middle": [
                        "G"
                    ],
                    "last": "Ksiazek",
                    "suffix": ""
                },
                {
                    "first": "D",
                    "middle": [],
                    "last": "Erdman",
                    "suffix": ""
                },
                {
                    "first": "C",
                    "middle": [
                        "S"
                    ],
                    "last": "Goldsmith",
                    "suffix": ""
                }
            ],
            "year": 2003,
            "venue": "N Engl J Med",
            "volume": "348",
            "issn": "20",
            "pages": "1953--66",
            "other_ids": {}
        },
        "BIBREF2": {
            "ref_id": "b2",
            "title": "A pneumonia outbreak associated with a new coronavirus of probable bat origin",
            "authors": [
                {
                    "first": "P",
                    "middle": [],
                    "last": "Zhou",
                    "suffix": ""
                },
                {
                    "first": "X",
                    "middle": [
                        "L"
                    ],
                    "last": "Yang",
                    "suffix": ""
                },
                {
                    "first": "X",
                    "middle": [
                        "G"
                    ],
                    "last": "Wang",
                    "suffix": ""
                }
            ],
            "year": 2020,
            "venue": "Nature",
            "volume": "",
            "issn": "",
            "pages": "",
            "other_ids": {}
        },
        "BIBREF3": {
            "ref_id": "b3",
            "title": "An emerging coronavirus causing pneumonia outbreak in Wuhan, China: calling for developing therapeutic and prophylactic strategies",
            "authors": [
                {
                    "first": "S",
                    "middle": [],
                    "last": "Jiang",
                    "suffix": ""
                },
                {
                    "first": "L",
                    "middle": [],
                    "last": "Du",
                    "suffix": ""
                },
                {
                    "first": "Z",
                    "middle": [],
                    "last": "Shi",
                    "suffix": ""
                }
            ],
            "year": 2020,
            "venue": "Emerg Microbes Infect",
            "volume": "9",
            "issn": "1",
            "pages": "275--277",
            "other_ids": {}
        },
        "BIBREF4": {
            "ref_id": "b4",
            "title": "Early Transmission Dynamics in Wuhan, China, of Novel Coronavirus-Infected Pneumonia",
            "authors": [
                {
                    "first": "Q",
                    "middle": [],
                    "last": "Li",
                    "suffix": ""
                },
                {
                    "first": "X",
                    "middle": [],
                    "last": "Guan",
                    "suffix": ""
                },
                {
                    "first": "P",
                    "middle": [],
                    "last": "Wu",
                    "suffix": ""
                }
            ],
            "year": 2020,
            "venue": "N Engl J Med",
            "volume": "",
            "issn": "",
            "pages": "",
            "other_ids": {}
        },
        "BIBREF5": {
            "ref_id": "b5",
            "title": "COVID-19) outbreak Geneva: World Health Organization",
            "authors": [],
            "year": 2020,
            "venue": "Coronavirus disease",
            "volume": "",
            "issn": "",
            "pages": "",
            "other_ids": {}
        },
        "BIBREF6": {
            "ref_id": "b6",
            "title": "Genomic variance of the 2019-nCoV coronavirus",
            "authors": [
                {
                    "first": "C",
                    "middle": [],
                    "last": "Ceraolo",
                    "suffix": ""
                },
                {
                    "first": "F",
                    "middle": [
                        "M"
                    ],
                    "last": "Giorgi",
                    "suffix": ""
                }
            ],
            "year": 2020,
            "venue": "J Med Virol",
            "volume": "",
            "issn": "",
            "pages": "",
            "other_ids": {}
        },
        "BIBREF7": {
            "ref_id": "b7",
            "title": "Genomic characterization of the 2019 novel human-pathogenic coronavirus isolated from a patient with atypical pneumonia after visiting Wuhan. Emerg Microbes Infect",
            "authors": [
                {
                    "first": "J",
                    "middle": [
                        "F"
                    ],
                    "last": "Chan",
                    "suffix": ""
                },
                {
                    "first": "K",
                    "middle": [
                        "H"
                    ],
                    "last": "Kok",
                    "suffix": ""
                },
                {
                    "first": "Z",
                    "middle": [],
                    "last": "Zhu",
                    "suffix": ""
                }
            ],
            "year": 2020,
            "venue": "",
            "volume": "9",
            "issn": "",
            "pages": "221--236",
            "other_ids": {}
        },
        "BIBREF8": {
            "ref_id": "b8",
            "title": "Genomic characterisation and epidemiology of 2019 novel coronavirus: implications for virus origins and receptor binding",
            "authors": [
                {
                    "first": "R",
                    "middle": [],
                    "last": "Lu",
                    "suffix": ""
                },
                {
                    "first": "X",
                    "middle": [],
                    "last": "Zhao",
                    "suffix": ""
                },
                {
                    "first": "J",
                    "middle": [],
                    "last": "Li",
                    "suffix": ""
                }
            ],
            "year": 2020,
            "venue": "Lancet",
            "volume": "395",
            "issn": "",
            "pages": "565--574",
            "other_ids": {}
        },
        "BIBREF9": {
            "ref_id": "b9",
            "title": "Angiotensin-converting enzyme 2 is a functional receptor for the SARS coronavirus",
            "authors": [
                {
                    "first": "W",
                    "middle": [],
                    "last": "Li",
                    "suffix": ""
                },
                {
                    "first": "M",
                    "middle": [
                        "J"
                    ],
                    "last": "Moore",
                    "suffix": ""
                },
                {
                    "first": "N",
                    "middle": [],
                    "last": "Vasilieva",
                    "suffix": ""
                }
            ],
            "year": 2003,
            "venue": "Nature",
            "volume": "426",
            "issn": "6965",
            "pages": "450--454",
            "other_ids": {}
        },
        "BIBREF10": {
            "ref_id": "b10",
            "title": "Receptor recognition by novel coronavirus from Wuhan: An analysis based on decade-long structural studies of SARS",
            "authors": [
                {
                    "first": "Y",
                    "middle": [],
                    "last": "Wan",
                    "suffix": ""
                },
                {
                    "first": "J",
                    "middle": [],
                    "last": "Shang",
                    "suffix": ""
                },
                {
                    "first": "R",
                    "middle": [],
                    "last": "Graham",
                    "suffix": ""
                }
            ],
            "year": 2020,
            "venue": "J Virol",
            "volume": "",
            "issn": "",
            "pages": "",
            "other_ids": {}
        },
        "BIBREF11": {
            "ref_id": "b11",
            "title": "Functional assessment of cell entry and receptor usage for SARS-CoV-2 and other lineage B betacoronaviruses",
            "authors": [
                {
                    "first": "M",
                    "middle": [],
                    "last": "Letko",
                    "suffix": ""
                },
                {
                    "first": "A",
                    "middle": [],
                    "last": "Marzi",
                    "suffix": ""
                },
                {
                    "first": "V",
                    "middle": [],
                    "last": "Munster",
                    "suffix": ""
                }
            ],
            "year": 2020,
            "venue": "Nat Microbiol",
            "volume": "",
            "issn": "",
            "pages": "",
            "other_ids": {}
        },
        "BIBREF12": {
            "ref_id": "b12",
            "title": "Structure, Function, and Evolution of Coronavirus Spike Proteins",
            "authors": [
                {
                    "first": "F",
                    "middle": [],
                    "last": "Li",
                    "suffix": ""
                }
            ],
            "year": 2016,
            "venue": "",
            "volume": "3",
            "issn": "",
            "pages": "237--261",
            "other_ids": {}
        },
        "BIBREF13": {
            "ref_id": "b13",
            "title": "Severe acute respiratory syndrome coronaviruslike virus in Chinese horseshoe bats",
            "authors": [
                {
                    "first": "S",
                    "middle": [
                        "K"
                    ],
                    "last": "Lau",
                    "suffix": ""
                },
                {
                    "first": "P",
                    "middle": [
                        "C"
                    ],
                    "last": "Woo",
                    "suffix": ""
                },
                {
                    "first": "K",
                    "middle": [
                        "S"
                    ],
                    "last": "Li",
                    "suffix": ""
                }
            ],
            "year": 2005,
            "venue": "Proc Natl Acad Sci",
            "volume": "102",
            "issn": "39",
            "pages": "14040--14045",
            "other_ids": {}
        },
        "BIBREF14": {
            "ref_id": "b14",
            "title": "Isolation and characterization of a bat SARS-like coronavirus that uses the ACE2 receptor",
            "authors": [
                {
                    "first": "X",
                    "middle": [
                        "Y"
                    ],
                    "last": "Ge",
                    "suffix": ""
                },
                {
                    "first": "J",
                    "middle": [
                        "L"
                    ],
                    "last": "Li",
                    "suffix": ""
                },
                {
                    "first": "X",
                    "middle": [
                        "L"
                    ],
                    "last": "Yang",
                    "suffix": ""
                }
            ],
            "year": 2013,
            "venue": "Nature",
            "volume": "503",
            "issn": "7477",
            "pages": "535--543",
            "other_ids": {}
        },
        "BIBREF15": {
            "ref_id": "b15",
            "title": "Discovery of a rich gene pool of bat SARSrelated coronaviruses provides new insights into the origin of SARS coronavirus",
            "authors": [
                {
                    "first": "B",
                    "middle": [],
                    "last": "Hu",
                    "suffix": ""
                },
                {
                    "first": "L",
                    "middle": [
                        "P"
                    ],
                    "last": "Zeng",
                    "suffix": ""
                },
                {
                    "first": "X",
                    "middle": [
                        "L"
                    ],
                    "last": "Yang",
                    "suffix": ""
                }
            ],
            "year": 2017,
            "venue": "PLoS Pathog",
            "volume": "13",
            "issn": "11",
            "pages": "",
            "other_ids": {}
        },
        "BIBREF16": {
            "ref_id": "b16",
            "title": "Isolation and Characterization of a Novel Bat Coronavirus Closely Related to the Direct Progenitor of Severe Acute Respiratory Syndrome Coronavirus",
            "authors": [
                {
                    "first": "X",
                    "middle": [
                        "L"
                    ],
                    "last": "Yang",
                    "suffix": ""
                },
                {
                    "first": "B",
                    "middle": [],
                    "last": "Hu",
                    "suffix": ""
                },
                {
                    "first": "B",
                    "middle": [],
                    "last": "Wang",
                    "suffix": ""
                }
            ],
            "year": 2015,
            "venue": "J Virol",
            "volume": "90",
            "issn": "6",
            "pages": "3253--3259",
            "other_ids": {}
        },
        "BIBREF17": {
            "ref_id": "b17",
            "title": "Recombination, reservoirs, and the modular spike: mechanisms of coronavirus cross-species transmission",
            "authors": [
                {
                    "first": "R",
                    "middle": [
                        "L"
                    ],
                    "last": "Graham",
                    "suffix": ""
                },
                {
                    "first": "R",
                    "middle": [
                        "S"
                    ],
                    "last": "Baric",
                    "suffix": ""
                }
            ],
            "year": 2010,
            "venue": "J Virol",
            "volume": "84",
            "issn": "7",
            "pages": "3134--3180",
            "other_ids": {}
        },
        "BIBREF18": {
            "ref_id": "b18",
            "title": "Monoclonal antibodies targeting the HR2 domain and the region immediately upstream of the HR2 of the S protein neutralize in vitro infection of severe acute respiratory syndrome coronavirus",
            "authors": [
                {
                    "first": "K",
                    "middle": [
                        "M"
                    ],
                    "last": "Lip",
                    "suffix": ""
                },
                {
                    "first": "S",
                    "middle": [],
                    "last": "Shen",
                    "suffix": ""
                },
                {
                    "first": "X",
                    "middle": [],
                    "last": "Yang",
                    "suffix": ""
                }
            ],
            "year": 2006,
            "venue": "J Virol",
            "volume": "80",
            "issn": "2",
            "pages": "941--50",
            "other_ids": {}
        },
        "BIBREF19": {
            "ref_id": "b19",
            "title": "Substitution at aspartic acid 1128 in the SARS coronavirus spike glycoprotein mediates escape from a S2 domaintargeting neutralizing monoclonal antibody",
            "authors": [
                {
                    "first": "O",
                    "middle": [
                        "W"
                    ],
                    "last": "Ng",
                    "suffix": ""
                },
                {
                    "first": "C",
                    "middle": [
                        "T"
                    ],
                    "last": "Keng",
                    "suffix": ""
                },
                {
                    "first": "C",
                    "middle": [
                        "S"
                    ],
                    "last": "Leung",
                    "suffix": ""
                }
            ],
            "year": 2014,
            "venue": "PLoS One",
            "volume": "9",
            "issn": "7",
            "pages": "",
            "other_ids": {}
        },
        "BIBREF20": {
            "ref_id": "b20",
            "title": "Parallelization of MAFFT for largescale multiple sequence alignments",
            "authors": [
                {
                    "first": "T",
                    "middle": [],
                    "last": "Nakamura",
                    "suffix": ""
                },
                {
                    "first": "K",
                    "middle": [
                        "D"
                    ],
                    "last": "Yamada",
                    "suffix": ""
                },
                {
                    "first": "K",
                    "middle": [],
                    "last": "Tomii",
                    "suffix": ""
                }
            ],
            "year": 2018,
            "venue": "Bioinformatics",
            "volume": "34",
            "issn": "14",
            "pages": "2490--2492",
            "other_ids": {}
        },
        "BIBREF21": {
            "ref_id": "b21",
            "title": "Jalview Version 2--a multiple sequence alignment editor and analysis workbench",
            "authors": [
                {
                    "first": "A",
                    "middle": [
                        "M"
                    ],
                    "last": "Waterhouse",
                    "suffix": ""
                },
                {
                    "first": "J",
                    "middle": [
                        "B"
                    ],
                    "last": "Procter",
                    "suffix": ""
                },
                {
                    "first": "D",
                    "middle": [
                        "M"
                    ],
                    "last": "Martin",
                    "suffix": ""
                }
            ],
            "year": 2009,
            "venue": "Bioinformatics",
            "volume": "25",
            "issn": "9",
            "pages": "1189--91",
            "other_ids": {}
        },
        "BIBREF22": {
            "ref_id": "b22",
            "title": "Molecular Evolutionary Genetics Analysis across Computing Platforms",
            "authors": [
                {
                    "first": "S",
                    "middle": [],
                    "last": "Kumar",
                    "suffix": ""
                },
                {
                    "first": "G",
                    "middle": [],
                    "last": "Stecher",
                    "suffix": ""
                },
                {
                    "first": "M",
                    "middle": [],
                    "last": "Li",
                    "suffix": ""
                }
            ],
            "year": 2018,
            "venue": "Mol Biol Evol",
            "volume": "35",
            "issn": "6",
            "pages": "1547--1549",
            "other_ids": {}
        },
        "BIBREF23": {
            "ref_id": "b23",
            "title": "Amino acids 1055 to 1192 in the S2 region of severe acute respiratory syndrome coronavirus S protein induce neutralizing antibodies: implications for the development of vaccines and antiviral agents",
            "authors": [
                {
                    "first": "C",
                    "middle": [
                        "T"
                    ],
                    "last": "Keng",
                    "suffix": ""
                },
                {
                    "first": "A",
                    "middle": [],
                    "last": "Zhang",
                    "suffix": ""
                },
                {
                    "first": "S",
                    "middle": [],
                    "last": "Shen",
                    "suffix": ""
                }
            ],
            "year": 2005,
            "venue": "J Virol",
            "volume": "79",
            "issn": "6",
            "pages": "3289--96",
            "other_ids": {}
        },
        "BIBREF24": {
            "ref_id": "b24",
            "title": "disease and diplomacy: GISAID's innovative contribution to global health. Glob Chall",
            "authors": [
                {
                    "first": "S",
                    "middle": [],
                    "last": "Elbe",
                    "suffix": ""
                },
                {
                    "first": "G",
                    "middle": [],
                    "last": "Buckland-Merrett",
                    "suffix": ""
                },
                {
                    "first": "",
                    "middle": [],
                    "last": "Data",
                    "suffix": ""
                }
            ],
            "year": 2017,
            "venue": "",
            "volume": "1",
            "issn": "",
            "pages": "33--46",
            "other_ids": {}
        },
        "BIBREF25": {
            "ref_id": "b25",
            "title": "Characterization of cytotoxic Tlymphocyte epitopes and immune responses to SARS coronavirus spike DNA vaccine expressing the RGD-integrin-binding motif",
            "authors": [
                {
                    "first": "W",
                    "middle": [
                        "P"
                    ],
                    "last": "Poh",
                    "suffix": ""
                },
                {
                    "first": "T",
                    "middle": [],
                    "last": "Narasaraju",
                    "suffix": ""
                },
                {
                    "first": "N",
                    "middle": [
                        "A"
                    ],
                    "last": "Pereira",
                    "suffix": ""
                }
            ],
            "year": 2009,
            "venue": "J Med Virol",
            "volume": "81",
            "issn": "7",
            "pages": "1131--1140",
            "other_ids": {}
        },
        "BIBREF26": {
            "ref_id": "b26",
            "title": "Cryo-EM structure of the 2019-nCoV spike in the prefusion conformation",
            "authors": [
                {
                    "first": "D",
                    "middle": [],
                    "last": "Wrapp",
                    "suffix": ""
                },
                {
                    "first": "N",
                    "middle": [],
                    "last": "Wang",
                    "suffix": ""
                },
                {
                    "first": "K",
                    "middle": [
                        "S"
                    ],
                    "last": "Corbett",
                    "suffix": ""
                }
            ],
            "year": 2020,
            "venue": "Science",
            "volume": "",
            "issn": "",
            "pages": "",
            "other_ids": {}
        },
        "BIBREF27": {
            "ref_id": "b27",
            "title": "Potent binding of 2019 novel coronavirus spike protein by a SARS coronavirus-specific human monoclonal antibody",
            "authors": [
                {
                    "first": "X",
                    "middle": [],
                    "last": "Tian",
                    "suffix": ""
                },
                {
                    "first": "C",
                    "middle": [],
                    "last": "Li",
                    "suffix": ""
                },
                {
                    "first": "A",
                    "middle": [],
                    "last": "Huang",
                    "suffix": ""
                }
            ],
            "year": 2020,
            "venue": "Emerg Microbes Infect",
            "volume": "9",
            "issn": "1",
            "pages": "382--385",
            "other_ids": {}
        },
        "BIBREF28": {
            "ref_id": "b28",
            "title": "Fully human monoclonal antibody directed to proteolytic cleavage site in severe acute respiratory syndrome (SARS) coronavirus S protein neutralizes the virus in a rhesus macaque SARS model",
            "authors": [
                {
                    "first": "T",
                    "middle": [],
                    "last": "Miyoshi-Akiyama",
                    "suffix": ""
                },
                {
                    "first": "I",
                    "middle": [],
                    "last": "Ishida",
                    "suffix": ""
                },
                {
                    "first": "M",
                    "middle": [],
                    "last": "Fukushi",
                    "suffix": ""
                }
            ],
            "year": 2011,
            "venue": "J Infect Dis",
            "volume": "203",
            "issn": "11",
            "pages": "1574--81",
            "other_ids": {}
        },
        "BIBREF29": {
            "ref_id": "b29",
            "title": "B-cell responses in patients who have recovered from severe acute respiratory syndrome target a dominant site in the S2 domain of the surface spike glycoprotein",
            "authors": [
                {
                    "first": "X",
                    "middle": [],
                    "last": "Zhong",
                    "suffix": ""
                },
                {
                    "first": "H",
                    "middle": [],
                    "last": "Yang",
                    "suffix": ""
                },
                {
                    "first": "Z",
                    "middle": [
                        "F"
                    ],
                    "last": "Guo",
                    "suffix": ""
                }
            ],
            "year": 2005,
            "venue": "J Virol",
            "volume": "79",
            "issn": "6",
            "pages": "3401--3409",
            "other_ids": {}
        },
        "BIBREF30": {
            "ref_id": "b30",
            "title": "A human SARS-CoV neutralizing antibody against epitope on S2 protein",
            "authors": [
                {
                    "first": "J",
                    "middle": [],
                    "last": "Duan",
                    "suffix": ""
                },
                {
                    "first": "X",
                    "middle": [],
                    "last": "Yan",
                    "suffix": ""
                },
                {
                    "first": "X",
                    "middle": [],
                    "last": "Guo",
                    "suffix": ""
                }
            ],
            "year": 2005,
            "venue": "Biochem Biophys Res Commun",
            "volume": "333",
            "issn": "1",
            "pages": "186--93",
            "other_ids": {}
        }
    },
    "ref_entries": {
        "FIGREF0": {
            "text": "min at RT. Cells were immunolabelled for 1 hour at RT with the indicated murine",
            "latex": null,
            "type": "figure"
        },
        "FIGREF6": {
            "text": "with PBS before reading in fluorescent microscopy.",
            "latex": null,
            "type": "figure"
        },
        "FIGREF14": {
            "text": "were searched with BLASTX against the reference spike",
            "latex": null,
            "type": "figure"
        },
        "FIGREF22": {
            "text": "post-infection showing that it is sensitive enough to detect the expression of",
            "latex": null,
            "type": "figure"
        },
        "FIGREF24": {
            "text": "the RBD-containing S1 subunit. Although both SARS-CoV and SARS-CoV-",
            "latex": null,
            "type": "figure"
        },
        "FIGREF25": {
            "text": "knowledge, this is the first study showing that mAbs targeting the S2 domain of2 1 0 SARS-CoV can cross-react with SARS-CoV-2 and this observation is consistent with the 2 1 1high sequence conservation in the S2 subunit. Besides the mAbs characterized here, mAbs have been reported to bind to epitopes in the S2 subunit of SARS-",
            "latex": null,
            "type": "figure"
        },
        "FIGREF28": {
            "text": "Figure legends",
            "latex": null,
            "type": "figure"
        },
        "FIGREF29": {
            "text": "for fragment region. (C) Pairwise amino acid identity (%) for full spike protein.",
            "latex": null,
            "type": "figure"
        },
        "FIGREF30": {
            "text": "Mock-transfected COS-7 cells and cells expressing Myc-tagged SARS-",
            "latex": null,
            "type": "figure"
        },
        "FIGREF34": {
            "text": "Immunofluorescence analysis was performed on mock-transfected COS-DAPI (blue). Scale bar = 50\u00b5m.",
            "latex": null,
            "type": "figure"
        },
        "FIGREF36": {
            "text": "(A) Vero E6 cells were mock-infected or infected with SARS-CoV-2 . At 24h post infection, the cells were stained with mAb 1A9 (5\u00b5g/ml) 488-conjugated secondary antibody. (B) Nuclei were counterstained with",
            "latex": null,
            "type": "figure"
        }
    },
    "back_matter": []
}